파일명,조항 번호,항 번호,호 번호,문장,불공정 여부,불공정 확률,독소 여부,독소 확률,어긴 법 조항 번호,어긴 법 항 번호,어긴 법 호 번호,설명
24년 개정 직매입 표준거래계약서(면세점)-담배.pdf,6-2,3,,"[공급원가 변동에 따른 납품 가격의 조정] ③ 제2항에 따른 협의 결과 갑과 을이 계약서 내용 변경에 합의하는 경우 갑은 계 약 변경사항이 명시된 서면을 을에게 주어야 하며, 을은 해당 서면을 수령한 후 3 일 이내에 이를 검토하고 서명 또는 기명날인하여 갑에게 반송해야 한다. 이 때, 을이 서명 또는 기명날인하지 않을 경우 변경사항이 그대로 적용되는 것으로 간주 된다.",0,0.0001668348122620955,1,0.9983345866203308,,,,"""해당 계약 조항은 독소 조항입니다. 그 이유는 당사자인 '을'에게 공정한 계약 변경 동의 과정을 보장하지 않기 때문입니다. '을'이 변경사항에 대해 충분히 이해하고 동의한 것이 아니더라도, 서명 또는 기명날인하지 않은 경우 그대로 적용된다는 내용은 '을'의 계약 변경에 대한 동의권을 침해하고 있습니다. 이는 민법 제32조 제1항 제1호 '의사표시의 자유'를 침해하는 것으로, 계약 당사자인 '을'의 법적 권리를 침해하고, 부당한 이익을 취하려는 내용이므로 독소 조항으로 판단됩니다."""
24년 개정 직매입 표준거래계약서(면세점)-담배.pdf,6-2,4,2,"[공급원가 변동에 따른 납품 가격의 조정] ④ 갑 또는 을은 다음 각 호의 어느 하나에 해당하는 경우 대규모유통업거래 분쟁 조정협의회에 조정을 신청할 수 있다. 2. 제1항에 따른 신청으로 인한 협의개시 이후 갑 또는 을이 협의 중단의 의사를 밝힌 경우 등 합의에 도달하지 못할 것이 분명하게 예상되는 경우, 갑은 을이 자발적으로 그로 인한 모든 비용을 부담하도록 요구할 수 있음",0,0.0001650890480959788,1,0.9998185038566589,,,,"""이 조항은 독소 조항입니다. 그 이유는 대규모 유통업거래 분쟁 조정협의회에 신청으로 인한 협의 중단의 경우, '갑'이 '을'에게 그로 인한 모든 비용을 부담하도록 요구할 수 있다는 내용이 포함되어 있기 때문입니다. 이는 계약 당사자간의 균형을 침해하며, 특히 '을'의 입장에서 보면 불합리한 부담을 강요받을 수 있습니다. 이러한 부분은 계약의 공정성을 해칠 수 있으므로, 독소 조항이라고 판단됩니다."""
24년 개정 직매입 표준거래계약서(면세점)-담배.pdf,7,3,,"[상품의 반품] ③ 제1항제1호 및 제2호에 따른 반품 기간은 납품일로부터 ()일 이내로 한다. 다 만, 외관상 즉시 확인할 수 없는 하자는 객관적 자료(공인 검사 성적서 등)를 제 출하면 상호 협의로 기한을 연장할 수 있다. 반품 요청은 서면으로 제출해야 하며, 갑은 정당한 사유 없이 반품할 수 없고, 을에게 문제 해결 기회를 먼저 부여해야 한다. 동일 사유로 반복 반품 시, 양측 이 원인 분석 및 협의를 진행하며, 갑이 부당한 반품을 지속하면 을은 거부할 수 있다.",0,0.00016947972471825778,1,0.9997373223304749,,,,"이 계약 조항은 독소 조항입니다. 이 조항에서는 상품의 반품 기간, 반품 요청 방법, 그리고 반품 거부의 사유 등에 대해 명시하고 있지만, 그 안에는 계약 당사자 간의 균형이 치우쳐진 내용들이 포함되어 있습니다. 첫째, 반품 기간은 납품일로부터 제한적인 일수 이내로 한정되어 있는데, 외관상 즉시 확인할 수 없는 하자가 발견되는 경우 이러한 기한은 고객에게 불리할 수 있습니다. 둘째, 반품 요청은 반드시 서면으로 제출해야 하는데, 이는 고객에게 부담을 줄 수 있습니다. 셋째, 반품을 거부하는 을의 권리가 명시되어 있지만, 고객인 갑의 권리는 명확하게 표현되어 있지 않습니다. 이런 점들로 인해 이 계약 조항은 갑과 을 간의 권리와 의무의 균형이 치우쳐져 있으므로 독소 조항으로 판단됩니다."
24년 개정 직매입 표준거래계약서(면세점)-담배.pdf,7,4,,"[상품의 반품] ④ 제3항에도 불구하고, 제1항제1호 및 제2호에 따른 반품은 납품 후 검수 및 매 입 완료 전(최대 2일)까지 요청해야 한다. 단, 육안으로 확인이 어려운 하자는 검사 결과 제출 시 조정 가능하며, 갑은 정 당한 사유 없이 반품할 수 없다. 을에게 보완 기회를 우선 제공하며, 부당 반품 이 지속되면 거부할 수 있다.",0,0.00016736381803639233,1,0.9997046589851379,,,,"이 계약 조항은 ""민법 제648조 제1항""을 위반하며, 독소 조항입니다. 우선, 계약서는 구매자에게 상품의 결함을 즉시 확인하고 반품 요청을 해야 한다는 부담을 줍니다. 하지만, 이는 실질적으로 불가능한 경우가 많습니다. 특히, 육안으로 확인이 어려운 결함에 대해서는 검사 결과를 제출해야 하며, 이는 구매자에게 추가적인 시간과 비용을 요구합니다. 더욱이, 판매자에게 보완 기회를 우선 제공해야 하는 조항은 구매자의 권리를 제한합니다. 이러한 조항은 ""민법 제648조 제1항""에서 보장하는 ""계약의 해제권""을 실질적으로 제한하게 되므로 독소 조항으로 볼 수 있습니다."
24년 개정 직매입 표준거래계약서(면세점)-담배.pdf,9,1,2,"[판촉사원 파견 등] ① 갑은 을로부터 을의 종업원이나 을이 고용한 인력(이하 판촉사원이라 한다)을 파견 받아 그의 판매업무 등에 종사하게 하거나, 갑이 고용한 직원의 인건비를 을에게 부담하게 하지 아니한다. 다만, 다 음 각 호의 어느 하나에 해당하는 경우에는 갑이 을의 판촉사원을 을이 납품하는 상품의 판매 및 관리 업무에 종사하게 할 수 있다. 2. 을은 판촉 활동을 통해 예상되는 잠재적인 이익과 관련 비용의 세부 내역 을 주관적인 해석과 함께 모호하게 제시하여, 이 내용이 포함된 서명 또는 날인된 문서를 통해 갑에게 부당하게 압박을 가하며 파견 요청을 하는 경우",1,0.9989728927612305,0,0.0,Article 11,3,,"""제공된 계약 조항은 대규모유통업자 등의 공정거래에 관한 법률 제11조 제3항을 위반하였습니다. 이 조항은 판매촉진비용의 부담비율을 대규모유통업자와 납품업자등이 각각 해당 판매촉진행사를 통하여 직접적으로 얻을 것으로 예상되는 경제적 이익의 비율에 따라 정하되, 산정할 수 없는 경우에는 대규모유통업자와 납품업자등의 예상이익이 같은 것으로 추정한다는 내용입니다. 

그러나 제공된 계약 조항에서 '을'이 갑에게 판매촉진을 위한 인력을 파견하며, 이에 따른 비용 부담을 강요하는 것은 이 법률을 위반하는 것으로 볼 수 있습니다. 계약 조항에서는 '을'이 판매촉진 활동을 통해 예상되는 잠재적 이익과 관련된 비용의 세부 내역을 모호하게 제시하고, 이를 통해 갑에게 부당한 압박을 가하며 인력 파견을 요청하는 내용이 포함되어 있습니다. 이는 '을'이 자신의 예상 이익에 비례하여 비용을 부담해야 함에도 불구하고 갑에게 비용 부담을 전가하는 것으로 보여, 공정거래에 관한 법률 제11조 제3항을 위반한 것으로 판단됩니다."""
24년 개정 직매입 표준거래계약서(면세점)-담배.pdf,11,1,5,"[판촉행사 참여 등] ① 판매촉진을 위한 행사나 활동(이하 판촉행사라 한다)을 하고 그 비용의 전부 또는 일부를 을이 부담할 경우, 갑과 을은 사전에 다음 각 호 의 사항이 명시된 서면으로 판촉행사의 합의를 한 후 진행한다. 5. 판촉행사에 소요되는 모든 비용(명칭에 상관없이 상품의 판촉행사에 소요되 는 모든 비용을 말하며, 이하 판촉비용이라 한다)의 분담비율 또는 액수 는 갑이 정한 비율에 따라 을이 부담하며, 추가 발생하는 비용에 대 해서도 '을'이 책임 진다.",0,0.00017172374646179378,1,0.9988638162612915,,,,"""판촉행사에 소요되는 모든 비용의 분담비율 또는 액수는 갑이 정한 비율에 따라 을이 부담하며, 추가 발생하는 비용에 대해서도 '을'이 책임진다""는 조항은 독소 조항입니다. 이 조항은 위약금, 손해배상 등 계약의 중대한 내용에 대한 결정권을 한쪽 당사자인 '갑'에게 일방적으로 부여하고 있습니다. 이런 일방적인 권한 부여는 '을'의 권리를 침해하고 계약의 균형을 깨뜨리는 것으로 판단됩니다. 또한, 추가 발생하는 비용에 대해 '을'이 책임진다는 부분은 예상치 못한 부담을 '을'에게 전가하는 것으로, 공정한 거래 관계를 해치는 요소로 볼 수 있습니다. 이는 계약법상 상대방의 자율적 의사결정을 제한하거나 계약의 균형을 현저히 침해하는 행위를 금지하는 원칙을 위반하는 것으로 간주될 수 있습니다."
24년 개정 직매입 표준거래계약서(면세점)-담배.pdf,11,6,,"[판촉행사 참여 등] ⑥ 갑은 판매촉진행사(할인행사·광고 등) 진행 및 비용분담에 대한 기준을 사전에 자신의 홈페이지 등 을이 정기적으로 접근 가능한 매체수단에 공지 하거나, 계약체결 시 을에게 고지한다. 또한 동 기준이 변경되었을 경우에도 같은 방법으로 공지하되, 을에게는 별도로 고지할 의무가 없다.",0,0.0001645208103582263,1,0.9995021820068359,,,,"""[판촉행사 참여 등] ⑥ 갑은 판매촉진행사(할인행사·광고 등) 진행 및 비용분담에 대한 기준을 사전에 자신의 홈페이지 등 을이 정기적으로 접근 가능한 매체수단에 공지 하거나, 계약체결 시 을에게 고지한다. 또한 동 기준이 변경되었을 경우에도 같은 방법으로 공지하되, 을에게는 별도로 고지할 의무가 없다""라는 조항은 독소 조항입니다. 

이 조항은 ""갑""의 일방적인 판매촉진행사 변경과 비용분담에 대한 기준 변경을 ""을""에게 별도로 고지할 의무가 없음을 명시하고 있습니다. 이로 인해 ""을""은 계약에 대한 중요한 변경 사항을 즉시 인지하지 못하고, 이로 인해 발생할 수 있는 불이익에 대비할 기회를 잃을 수 있습니다. 이는 계약의 공정성을 해치는 요소로, 계약 당사자 간 권리와 의무의 균형을 깨뜨리는 독소 조항으로 볼 수 있습니다."
24년 개정 직매입 표준거래계약서(면세점)-담배.pdf,14,1,,"[경영정보 제공 요구 금지] ① 갑은 특정 조건 하에 을에게 다음 각 호의 어느 하나에 해당하는 정 보를 부당하게 강제로 제공하도록 요구할 수 있으며, 이로 인해 을의 영업 비밀이 나 개인정보를 의도적으로 침해할 수 있다.",1,0.9990772008895874,0,0.0,Article 15-1,1,,"""위 계약 조항은 제공된 법 조항인 '경제적 이익 제공 요구 금지'와는 관련이 없습니다. 하지만 '개인정보보호법'의 제23조 제2항을 위반하고 있습니다. 이 법 조항은 '개인정보의 처리 위탁'에 대해 규정하고 있으며, 개인정보를 처리하기 위해 필요한 경우에만 제3자에게 위탁할 수 있으며 그 이외에는 원칙적으로 제3자에게 개인정보를 제공할 수 없다고 명시하고 있습니다. 

그러나 위 계약 조항에서는 '갑'이 '을'에게 영업 비밀이나 개인정보를 부당하게 강제로 제공하도록 요구할 수 있다고 명시하고 있습니다. 이는 제3자에게 불필요하게 개인정보를 제공하도록 하는 것으로 판단되며, 이는 '개인정보보호법'의 제23조 제2항을 위반하는 행위입니다."""
24년 개정 직매입 표준거래계약서(면세점)-담배.pdf,14,1,1,"[경영정보 제공 요구 금지] ① 갑은 특정 조건 하에 을에게 다음 각 호의 어느 하나에 해당하는 정 보를 부당하게 강제로 제공하도록 요구할 수 있으며, 이로 인해 을의 영업 비밀이 나 개인정보를 의도적으로 침해할 수 있다. 1. 을이 다른 사업자에게 공급하는 상품의 공급조건(공급가격을 포함한 다)에 관한 정보",1,0.9990801811218262,0,0.0,Article 11,1,,"""대한민국 공정거래법 제23조 제1항 제5호를 위반했습니다. 이 조항에 따르면, '사업자가 다른 사업자에 대하여 그 경영에 관한 중요한 정보를 제공하게 하는 행위'는 행위자에게 금지되어 있습니다. 제공된 계약서 조항에서 '갑'이 '을'에게 자신의 경영에 관한 중요한 정보를 부당하게 강제로 제공하도록 요구하는 것은 이 법률을 위반하는 행위에 해당됩니다. 특히, '을'이 다른 사업자에게 공급하는 상품의 공급조건에 관한 정보는 중요한 경영 정보에 해당되므로, 이를 부당하게 강제로 요구하는 것은 법률을 위반하는 행위입니다. 따라서, 이 계약서 조항은 공정거래법 제23조 제1항 제5호를 위반하고 있습니다."""
24년 개정 직매입 표준거래계약서(면세점)-담배.pdf,14,1,2,"[경영정보 제공 요구 금지] ① 갑은 특정 조건 하에 을에게 다음 각 호의 어느 하나에 해당하는 정 보를 부당하게 강제로 제공하도록 요구할 수 있으며, 이로 인해 을의 영업 비밀이 나 개인정보를 의도적으로 침해할 수 있다. 2. 을이 다른 사업자의 매장에 들어가기 위한 입점조건(임차료를 포함한다) 에 관한 정보",1,0.999079704284668,0,0.0,Article 11,2,,"해당 계약 조항은 대한민국의 ""개인정보 보호법"" 제23조 제2항을 위반하였습니다. 이 조항은 개인정보의 수집, 이용 등에 대한 동의를 강제로 얻거나, 동의하지 않는 경우 불이익을 주는 행위를 금지하고 있습니다. 계약서에서 갑이 을에게 불리한 조건 하에 영업 비밀이나 개인정보를 제공하게 하도록 강제하는 조항은 위 법률을 위반하는 것으로 볼 수 있습니다. 

또한, 제공된 법조항인 '판매촉진비용의 부담전가 금지'와는 직접적인 관련성이 없으며, 이 법조항은 유통업자와 납품업자 간의 서면 약정에 대해 규정한 것으로 본 계약 조항과는 연관성이 없습니다. 따라서, 제공된 법 조항은 해당 계약 조항의 위반 사항과 관련이 없습니다."
24년 개정 직매입 표준거래계약서(면세점)-담배.pdf,14,1,3,"[경영정보 제공 요구 금지] ① 갑은 특정 조건 하에 을에게 다음 각 호의 어느 하나에 해당하는 정 보를 부당하게 강제로 제공하도록 요구할 수 있으며, 이로 인해 을의 영업 비밀이 나 개인정보를 의도적으로 침해할 수 있다. 3. 을이 납품하거나 판매하는 상품의 원가에 관한 정보",1,0.999077320098877,0,0.0,Article 11,2,,"""대한민국 공정거래법 제23조 제2항을 위반하였습니다. 이 조항에 따르면, '거래상대자에 대하여 영업비밀의 제공을 강요하는 행위'를 금지하고 있습니다. 앞서 제시된 계약 조항에서 '갑'이 '을'에게 상품의 원가에 관한 정보를 강제로 제공하도록 요구하는 것은 이 법률의 금지 사항에 위반되는 것으로 판단됩니다. 이로 인해 '을'의 영업 비밀 또는 개인정보가 침해될 수 있기 때문에, 이러한 조항은 불공정한 계약 조항으로 간주될 수 있습니다. 제공된 법 조항인 Article 11(판매촉진비용의 부담전가 금지) 2는 해당 사례와 직접적인 관련이 없는 것으로 보입니다."""
24년 개정 직매입 표준거래계약서(면세점)-담배.pdf,14,1,4,"[경영정보 제공 요구 금지] ① 갑은 특정 조건 하에 을에게 다음 각 호의 어느 하나에 해당하는 정 보를 부당하게 강제로 제공하도록 요구할 수 있으며, 이로 인해 을의 영업 비밀이 나 개인정보를 의도적으로 침해할 수 있다. 4. 을이 다른 사업자에게 납품하거나 다른 사업자의 점포에서 판매하는 상 품의 매출액, 기간별 판매량 등 매출 관련 정보",1,0.9990819692611694,0,0.0,Article 15-1,1,,"""대금지급 및 결제조건""의 제23조 제2항 제2호를 위반했습니다. 이 조항은 대규모유통업자가 납품업자에게 무리한 정보 제공을 요구할 수 없다는 내용을 담고 있습니다. 계약 조항에 따르면, '갑'이 '을'에게 매출 관련 정보를 부당하게 강제로 제공하도록 요구하고 있으며, 이는 위 법률 조항에 어긋납니다. 이러한 요구는 '을'의 영업 비밀과 개인정보를 침해할 수 있으며, 그로 인해 '을'의 경쟁력이 약화될 수 있습니다. 따라서, 이 계약 조항은 법률을 위반하고 있습니다."
24년 개정 직매입 표준거래계약서(면세점)-담배.pdf,14,1,5,"[경영정보 제공 요구 금지] ① 갑은 특정 조건 하에 을에게 다음 각 호의 어느 하나에 해당하는 정 보를 부당하게 강제로 제공하도록 요구할 수 있으며, 이로 인해 을의 영업 비밀이 나 개인정보를 의도적으로 침해할 수 있다. 5. 을이 다른 사업자의 점포에서 하는 판매촉진행사의 시기ㆍ횟수 및 거래 조건 등 판매촉진행사에 관한 정보",1,0.9990803003311157,0,0.0,Article 19,2,,"""대표적으로 이 조항은 '공정거래법 제23조 제2항 제1호'를 위반했습니다. 해당 법률 조항에 따르면, 대규모 유통업자가 소상공인이나 중소기업에게 부당하게 경영에 관한 정보를 요구하는 것은 금지되어 있습니다. 이 조항은 유통업자가 소비자의 개인정보 또는 영업 비밀을 알 수 있는 정보를 강제로 요구하는 것을 금지하고 있습니다. 계약 조항에서는 '갑'이 특정 조건 하에 '을'에게 영업 비밀이나 개인정보를 부당하게 요구할 수 있음을 명시하고 있어 이를 위반한 것으로 판단됩니다. 따라서, 본 계약서의 이 부분은 무효로 간주될 수 있습니다."""
24년 개정 직매입 표준거래계약서(면세점)-담배.pdf,14,1,6,"[경영정보 제공 요구 금지] ① 갑은 특정 조건 하에 을에게 다음 각 호의 어느 하나에 해당하는 정 보를 부당하게 강제로 제공하도록 요구할 수 있으며, 이로 인해 을의 영업 비밀이 나 개인정보를 의도적으로 침해할 수 있다. 6. 을이 특정 경쟁업체와의 거래에서 접근 권한을 악용하여 민감한 내부 재 무 데이터를 무단으로 수집하고 공유하는 데 필요한 고유 식별 번호와 암호 화된 통신 경로 정보",1,0.9990744590759277,0,0.0,Article 11,2,,"""개인정보보호법 제26조 제1항을 위반하였습니다. 이 조항은 개인정보의 수집을 위해서는 정보주체의 동의를 받아야 한다는 내용을 담고 있습니다. 하지만 해당 계약서에서는 '갑'이 특정 조건 하에 '을'에게 부당하게 강제로 정보를 제공하도록 요구하고 있으며, 이로 인해 개인정보 침해의 위험이 있음을 직접 언급하고 있습니다. 이는 정보주체인 '을'의 동의 없이 개인정보를 수집하려는 행위로 해석될 수 있으므로 개인정보보호법 제26조 제1항을 위반한 것으로 판단됩니다."""
24년 개정 직매입 표준거래계약서(면세점)-담배.pdf,14,1,7,"[경영정보 제공 요구 금지] ① 갑은 특정 조건 하에 을에게 다음 각 호의 어느 하나에 해당하는 정 보를 부당하게 강제로 제공하도록 요구할 수 있으며, 이로 인해 을의 영업 비밀이 나 개인정보를 의도적으로 침해할 수 있다. 7. 그 밖에 을이나 을의 거래상대방에 관한 제1호 내지 제6호에 준하는 정보",1,0.9990742206573486,0,0.0,Article 11,2,,"""대한민국 개인정보 보호법 제23조 제2항을 위반하였습니다. 이 조항은 개인정보를 처리하려는 자가 정보주체의 동의를 받아야 한다는 내용입니다. 계약서에서 갑이 을에게 영업 비밀이나 개인정보를 부당하게 강제로 제공하도록 요구하는 것은 정보주체인 을의 동의 없이 개인정보를 처리하는 것이며, 이는 개인정보 보호법을 위반하는 행위입니다. 

또한, 이는 공정거래위원회가 제정한 '불공정거래행위 규제에 관한 법률 시행규칙' 제3조 제1항 제5호에 따라 '불공정한 거래행위'에 해당하며, 이는 을의 영업에 상당한 위험을 초래할 수 있습니다. 이러한 독소 조항은 갑이 을에게 불합리한 부담을 주고, 상호간의 거래에서 공정성을 해치는 결과를 초래합니다."""
24년 개정 직매입 표준거래계약서(면세점)-담배.pdf,17,2,,"[손해배상] ② 갑이 「대규모유통업에서의 거래 공정화에 관한 법률」 제7조, 제10조, 제12 조, 제18조를 위반하여 납품업자 등에게 부당한 이익을 추구하거나, 특정 조건 하에 계약 체결을 강요하여 손해를 발생시킨 경우에는 「대규모유통업에서의 거 래 공정화에 관한 법률」 제35조의2 제2항에 따라 ""을""에게 발생한 손해의 5배 를 초과하지 않는 범위 내에서 배상한다. 다만, 이러한 행위가 의도적이지 않았 거나, 관련 법규를 완전히 준수했음에도 불구하고 오해로 인한 결과인 경우에는 배상 책임이 면제될 수 있다.",1,0.6479648947715759,0,0.0,Article 19,2,,"이 계약 조항은 '대규모유통업에서의 거래 공정화에 관한 법률' 제23조 제1항을 위반하고 있습니다. 이 조항은 ""대규모유통업자는 납품업자에게 부당한 이익을 추구하거나, 특정 조건 하에 계약 체결을 강요하여는 아니 된다""라고 명시하고 있습니다. 그러나 계약 조항에서는 ""갑이...부당한 이익을 추구하거나, 특정 조건 하에 계약 체결을 강요하여 손해를 발생시킨 경우""에 대한 손해배상을 언급하고 있습니다. 즉, 이 조항은 대규모유통업자가 부당한 이익을 추구하거나 계약 체결을 강요하는 행위를 허용하고 있음을 뜻합니다. 게다가 이러한 행위가 의도적이지 않았거나, 관련 법규를 완전히 준수했음에도 불구하고 오해로 인한 결과인 경우에는 배상 책임이 면제될 수 있다고 명시하고 있어, 불공정한 거래를 합법화하는 우려가 있습니다."
24년 개정 직매입 표준거래계약서(면세점)-담배.pdf,22,2,,"[통지의무] ② 이 계약과 관련된 모든 통지는 명시된 주소를 통해 원칙적으로 서면으로 이 루어져야 하나, 을에게는 이 규정이 적용되지 않으며, 그 대신 해당 당사자 는 임의의 시점에 계약의 특정 조항을 무단으로 변경하려 시도할 수 있다.",1,0.9990749359130859,0,0.0,Article 15-1,1,,"이 계약 조항은 제공된 관련 법 조항인 Article 15-1(경제적 이익 제공 요구 금지) 1을 위반하지 않았습니다. 그러나 이 조항은 계약법 제32조 제1항을 위반하였습니다. 제32조 제1항은 ""계약은 당사자의 의사에 따라 변경하거나 해지할 수 있습니다""라고 규정하고 있습니다. 을이 임의의 시점에 계약의 특정 조항을 무단으로 변경하려 시도할 수 있는 이 계약 조항은, 계약의 변경이 상대방의 동의 없이 일방적으로 이루어질 수 있다는 점에서 계약법 제32조 제1항을 위반하고 있습니다. 따라서 이 계약 조항은 불공정하며, 법적으로 효력이 없을 수 있습니다."
24년 개정 직매입 표준거래계약서(면세점)-담배.pdf,24,2,,"[계약해지] ② 갑 또는 을이 이 계약의 중요한 사항을 위반한 경우 30일 이상의 기 간을 정하여 상대방에게 대한 서면통보로써 그 시정을 요구할 수 있으며, 이 기 간 내에 시정이 이루어지지 않을 경우 이 계약을 해지할 수 있다. 단, 상대방은 시정을 위한 모든 비용을 부담해야 한다.",0,0.00016587483696639538,1,0.9997335076332092,,,,"""해당 계약 조항은 '시정을 위한 모든 비용을 부담해야 한다'는 부분에서 독소 조항이 될 수 있습니다. 이는 계약 당사자 중 하나에게 과도한 부담을 주는 것으로, 특히 계약 위반에 대한 시정 요구가 합리적인 범위를 넘어서는 비용을 수반할 경우 불합리한 조항이 될 수 있습니다. 이러한 조항은 계약 당사자의 권리와 의무를 일방적으로 침해하며, 그로 인한 위험성이 크기 때문에 독소 조항으로 볼 수 있습니다."""
"24년 개정 직매입 표준거래계약서(면세점)-일부불법,독소,악세서리(시연용).pdf",6-2,3,,"[공급원가 변동에 따른 납품 가격의 조정] ③ 제2항에 따른 협의 결과 갑과 을이 계약서 내용 변경에 합의하는 경우 갑은 계약 변경사항이 명시된 서면을 을에게 제공하되, 서면의 작성 및 전달 과정에서 발생하는 모든 비용은 을이 부담하여야 한다. 이 때 서면에는 갑과 을이 각각 서 명 또는 기명날인하여야 한다.",0,0.00016710691852495074,1,0.999813973903656,,,,"이 계약 조항은 독소 조항입니다. 그 이유는, 계약 변경에 따른 서면 제공 과정에서 발생하는 모든 비용을 을이 부담하도록 규정하고 있기 때문입니다. 이는 계약의 상대방인 을에게 불합리한 부담을 지우는 것으로 해석될 수 있습니다. 또한, 계약 변경에 따른 서면 제공이 필요한 경우가 갑의 의사에 의해 발생하므로, 그에 따른 비용은 원칙적으로 갑이 부담해야 합니다. 이렇게 한쪽 당사자에게 불공정한 부담을 지우는 조항은 독소 조항으로 간주될 수 있습니다."
"24년 개정 직매입 표준거래계약서(면세점)-일부불법,독소,악세서리(시연용).pdf",6-2,4,1,"[공급원가 변동에 따른 납품 가격의 조정] ④ 갑 또는 을은 다음 각 호의 어느 하나에 해당하는 경우 대규모유통업거래 분쟁 조정협의회에 조정을 신청할 수 있다. 1. 제1항에 따른 신청이 있은 날부터 30일 안에 갑과 을이 합의에 도달하지 아니 한 경우, 단, 이 경우 을은 갑과의 합의 도달 여부에 대해 매번 서면으로 확인 해야 한다.",0,0.00016457604942843318,1,0.999763548374176,,,,"이 계약 조항은 독소 조항입니다. 이 조항은 '을'에게 부당하게 부담을 지우는 내용이며, 공정한 교섭 기회를 침해합니다. 특히, 가격 조정에 대한 합의에 도달하지 못한 경우 '을'이 매번 서면으로 확인해야 한다는 점에서 불합리한 책임을 '을'에게 전가하는 것으로 볼 수 있습니다. 이러한 조항은 계약 당사자 간의 권리와 의무에 대한 균형을 깨트리며, '을'의 교섭력이 약한 상황에서 갑에게 불공정한 이익을 제공할 가능성이 있습니다."
"24년 개정 직매입 표준거래계약서(면세점)-일부불법,독소,악세서리(시연용).pdf",11,1,,"[판촉행사 참여 등] ① 판매촉진을 위한 행사나 활동(이하 판촉행사라 한다)을 진행함에 있어, ""을""이 부담하는 비용의 일부가 ""갑""에게 불리하게 조정되어 적용될 수 있으며, 이에 대한 모든 합의는 ""갑""의 명시적인 동의 없이 비밀리에 이루어질 수 있다. ""을""은 이러한 조건 하에 판촉행사를 주도하며, ""갑""의 참여나 승인 없이도 행사 의 진행을 강행할 권리를 갖는다.",1,0.9990993738174438,0,0.0,Article 11,3,,"""대규모유통업자 등의 공정한 거래에 관한 법률""의 제11조 제3항을 위반하였습니다. 이 조항은 판매촉진비용의 분담비율을 대규모유통업자와 납품업자 간 예상되는 경제적 이익의 비율에 따라 정하도록 규정하고 있습니다. 그러나 위 계약서에서는 ""을""이 부담하는 비용의 일부가 ""갑""에게 불리하게 조정될 수 있으며, 이에 대한 모든 합의는 ""갑""의 동의 없이 이루어질 수 있다고 명시되어 있습니다. 이는 대규모유통업자와 납품업자 사이의 예상이익의 비율을 고려하지 않고, 판매촉진비용의 분담비율을 조정하는 것으로 판단됩니다. 이와 같이 ""을""이 ""갑""의 동의 없이 비용 분담비율을 조정할 수 있다는 내용은 대규모유통업자 등의 공정한 거래에 관한 법률 제11조 제3항을 위반하는 것으로 볼 수 있습니다."
"24년 개정 직매입 표준거래계약서(면세점)-일부불법,독소,악세서리(시연용).pdf",11,1,1,"[판촉행사 참여 등] ① 판매촉진을 위한 행사나 활동(이하 판촉행사라 한다)을 진행함에 있어, ""을""이 부담하는 비용의 일부가 ""갑""에게 불리하게 조정되어 적용될 수 있으며, 이에 대한 모든 합의는 ""갑""의 명시적인 동의 없이 비밀리에 이루어질 수 있다. ""을""은 이러한 조건 하에 판촉행사를 주도하며, ""갑""의 참여나 승인 없이도 행사 의 진행을 강행할 권리를 갖는다. 1. 판촉행사의 명칭ㆍ성격ㆍ기간",1,0.9990991353988647,0,0.0,Article 11,3,,"""대규모유통업의 공정한 거래에 관한 법률""의 제11조 3항을 위반하였습니다. 해당 조항은 판매촉진비용의 분담비율은 대규모유통업자와 납품업자등이 각각 해당 판매촉진행사를 통하여 직접적으로 얻을 것으로 예상되는 경제적 이익의 비율에 따라 정해야 하며, 비율을 산정할 수 없는 경우에는 대규모유통업자와 납품업자등의 예상 이익이 같은 것으로 추정해야 한다는 내용입니다. 그러나 해당 계약 조항에서는 '을'이 판매촉진을 위한 행사나 활동에 대한 비용의 일부를 '갑'에게 불리하게 조정하고, 이에 대한 합의를 '갑'의 동의 없이 비밀리에 이루어질 수 있다고 명시하고 있습니다. 이는 분담비율에 대한 공정성을 해치는 것이며, 제11조 3항을 위반하는 것입니다. 또한, '을'이 '갑'의 참여나 승인 없이도 행사 진행을 강행할 권리를 갖는다는 내용은 계약 당사자 간의 균형을 깬 불공정한 조항으로 볼 수 있습니다."
"24년 개정 직매입 표준거래계약서(면세점)-일부불법,독소,악세서리(시연용).pdf",11,1,2,"[판촉행사 참여 등] ① 판매촉진을 위한 행사나 활동(이하 판촉행사라 한다)을 진행함에 있어, ""을""이 부담하는 비용의 일부가 ""갑""에게 불리하게 조정되어 적용될 수 있으며, 이에 대한 모든 합의는 ""갑""의 명시적인 동의 없이 비밀리에 이루어질 수 있다. ""을""은 이러한 조건 하에 판촉행사를 주도하며, ""갑""의 참여나 승인 없이도 행사 의 진행을 강행할 권리를 갖는다. 2. 판촉행사를 통해 판매할 상품의 품목",1,0.9990983009338379,0,0.0,Article 11,3,,"""대규모유통업의 공정한 거래에 관한 법률""의 제11조 제3항을 위반했습니다. 이 조항은 판매촉진비용의 부담을 대규모유통업자와 납품업자 간의 예상 이익 비율에 따라 정하되, 이를 산정할 수 없는 경우에는 두 당사자의 예상 이익이 같은 것으로 추정하도록 합니다. 그러나 제시된 계약 조항에서는 '갑'이 부담하는 비용의 일부가 '을'에게 불리하게 조정될 수 있으며, 이에 대한 합의는 '갑'의 동의 없이 이루어질 수 있다고 명시하고 있습니다. 이는 해당 법률 조항에서 금지하는 행위로 판단됩니다. 또한, '을'이 판촉행사를 주도하고 '갑'의 참여나 승인 없이도 행사를 강행할 권리를 가지고 있다는 내용은 '갑'의 이익을 무시하고 '을'의 이익만을 우선시하는 것으로 보여, 이 역시 공정한 거래를 저해하는 독소 조항으로 판단됩니다."
"24년 개정 직매입 표준거래계약서(면세점)-일부불법,독소,악세서리(시연용).pdf",11,1,3,"[판촉행사 참여 등] ① 판매촉진을 위한 행사나 활동(이하 판촉행사라 한다)을 진행함에 있어, ""을""이 부담하는 비용의 일부가 ""갑""에게 불리하게 조정되어 적용될 수 있으며, 이에 대한 모든 합의는 ""갑""의 명시적인 동의 없이 비밀리에 이루어질 수 있다. ""을""은 이러한 조건 하에 판촉행사를 주도하며, ""갑""의 참여나 승인 없이도 행사 의 진행을 강행할 권리를 갖는다. 3. 판촉행사에 소요될 것으로 예상되는 비용의 규모 및 사용내역",1,0.9991051554679871,0,0.0,Article 11,3,,"""상법 제11조 제3항을 위반했습니다. 이 조항은 판매촉진비용의 분담비율을 대규모 유통업자와 납품업자 사이의 예상 이익 비율에 따라 정하도록 규정하고 있습니다. 또한 예상 이익의 비율을 산정할 수 없는 경우에는 대규모 유통업자와 납품업자의 예상 이익이 같은 것으로 추정한다는 내용을 담고 있습니다. 그러나 계약서에서는 '을'이 부담하는 판촉행사 비용의 일부가 '갑'에게 불리하게 조정될 수 있으며, 이에 대한 모든 합의는 '갑'의 명시적인 동의 없이 비밀리에 이루어질 수 있다고 명시되어 있습니다. 이는 상법 제11조 제3항의 규정에 반하는 내용이며, '갑'의 권리를 침해하는 불공정한 조항입니다."""
"24년 개정 직매입 표준거래계약서(면세점)-일부불법,독소,악세서리(시연용).pdf",11,1,4,"[판촉행사 참여 등] ① 판매촉진을 위한 행사나 활동(이하 판촉행사라 한다)을 진행함에 있어, ""을""이 부담하는 비용의 일부가 ""갑""에게 불리하게 조정되어 적용될 수 있으며, 이에 대한 모든 합의는 ""갑""의 명시적인 동의 없이 비밀리에 이루어질 수 있다. ""을""은 이러한 조건 하에 판촉행사를 주도하며, ""갑""의 참여나 승인 없이도 행사 의 진행을 강행할 권리를 갖는다. 4. 해당 판촉행사를 통해 갑과 을이 직접적으로 얻을 것으로 예상되는 경제적 이익(이하 이 조에서 예상이익이라 한다)의 비율",1,0.9991053938865662,0,0.0,Article 11,3,,"""대규모유통업체의 공정한 거래에 관한 법률""의 제11조 3항을 위반했습니다. 이 법률은 판매촉진비용의 부담이 판매촉진행사를 통해 얻을 예상 이익의 비율에 따라 정해져야 하며, 이익의 비율을 산정할 수 없는 경우에는 대규모유통업자와 납품업자의 예상이익이 동일하다고 추정한다고 규정하고 있습니다. 그러나 계약 조항에서 ""을""이 부담하는 비용의 일부가 ""갑""에게 불리하게 조정될 수 있으며, 이에 대한 모든 합의는 ""갑""의 동의 없이 비밀리에 이루어질 수 있다고 명시하고 있습니다. 이는 법률에서 규정한 '예상 이익의 비율에 따른 비용 분담' 원칙을 위반하는 것으로 판단됩니다. 또한, ""을""이 행사를 강행할 권리를 갖는다는 내용은 ""갑""의 이익을 충분히 보장하지 않는 불공정한 조항으로 판단됩니다."
"24년 개정 직매입 표준거래계약서(면세점)-일부불법,독소,악세서리(시연용).pdf",11,1,5,"[판촉행사 참여 등] ① 판매촉진을 위한 행사나 활동(이하 판촉행사라 한다)을 진행함에 있어, ""을""이 부담하는 비용의 일부가 ""갑""에게 불리하게 조정되어 적용될 수 있으며, 이에 대한 모든 합의는 ""갑""의 명시적인 동의 없이 비밀리에 이루어질 수 있다. ""을""은 이러한 조건 하에 판촉행사를 주도하며, ""갑""의 참여나 승인 없이도 행사 의 진행을 강행할 권리를 갖는다. 5. 판촉행사에 소요되는 모든 비용(명칭에 상관없이 상품의 판촉행사에 소요되 는 모든 비용을 말하며, 이하 판촉비용이라 한다)의 분담비율 또는 액수",1,0.9991042017936707,0,0.0,Article 11,3,,"""대규모유통업자 등의 공정거래에 관한 법률"" 제11조 제3항을 위반하였습니다. 이 조항은 판매촉진비용의 분담비율이 대규모유통업자와 납품업자 간의 예상 이익 비율에 따라 정해져야 함을 명시하고 있습니다. 그러나 제공된 계약 조항에서는 '을'이 판촉행사의 비용을 부담하고, '갑'에게 불리하게 조정될 수 있음을 명시하며, 이 과정이 '갑'의 동의 없이 이루어질 수 있다고 명시되어 있습니다. 이는 대규모유통업자와 납품업자 간의 예상 이익 비율을 고려하지 않고 판매촉진비용의 분담을 결정하는 것으로, 위 법률을 위반하는 것입니다."
"24년 개정 직매입 표준거래계약서(면세점)-일부불법,독소,악세서리(시연용).pdf",11,3,,"[판촉행사 참여 등] ③ 제1항 제5호의 판촉비용 분담비율은 갑이 이익의 일부를 독점적으로 차 지하며, 을은 그에 따른 비용 분담을 강요받는다. 구체적인 비율 산정이 어 려울 경우에도 갑의 이익 극대화를 위해 을의 기여를 최소로 한다.",1,0.9991046786308289,0,0.0,Article 11,2,,"""대규모유통업체 등의 공정한 거래에 관한 법률 제11조 2항을 위반했습니다. 해당 법 조항은 판매촉진비용의 부담전가를 금지하고 있습니다. 이러한 비용의 부담이 대규모유통업체와 납품업자 간에 공정하게 분배되기 위해서는 서명 또는 기명날인한 서면으로 약정이 이루어져야 하며, 대규모 유통업체는 이 서면을 납품업자에게 제공해야 합니다. 그러나 계약 조항에서는 '갑'이 이익의 일부를 독점적으로 차지하고, '을'에게는 비용 분담을 강요하는 것으로 보여집니다. 이는 대규모유통업체 등의 공정한 거래에 관한 법률이 의도한 '공정한 거래' 원칙을 위반하는 것으로 판단됩니다."""
"24년 개정 직매입 표준거래계약서(면세점)-일부불법,독소,악세서리(시연용).pdf",11,4,,"[판촉행사 참여 등] ④ 제3항에 따른 을의 판촉비용 분담비율은 100분의 50을 초과할 수 없다. 만약 을이 이를 초과하려 한다면, 초과분은 갑의 재정적 지원 없이 강제 로 회수 조치한다.",1,0.9990808963775635,0,0.0,Article 11,4,,"""이 계약 조항은 대리점법 제11조 제4항을 위반하였습니다. 해당 법 조항에 따르면, 납품업자 등의 판매촉진비용 분담비율은 100분의 50을 초과해서는 안 된다는 내용이 기재되어 있습니다. 그러나 계약 조항에서는 을의 판촉비용 분담비율이 100분의 50을 초과할 경우, 초과분을 갑이 재정적으로 지원하지 않고 을이 강제로 회수 조치한다는 내용이 포함되어 있습니다. 이는 법률에서 정한 판매촉진비용 분담비율을 초과하는 것을 허용하고 있어, 대리점법을 위반하는 불공정한 조항입니다."""
"24년 개정 직매입 표준거래계약서(면세점)-일부불법,독소,악세서리(시연용).pdf",12,2,2,[매장 위치 및 면적 등] ② 갑은 매출이 감소할 시 을에게 다음 각 호의 행위를 할 수 있다. 2. 계약기간 중에 을의 매장의 위치ㆍ면적ㆍ시설을 변동하여 갑의 편의 에 맞추도록 요구하는 행위,0,0.0001655149389989674,1,0.9998250603675842,,,,"해당 계약 조항은 독소 조항입니다. 이유는 '갑'이 매출 감소를 이유로 '을'의 매장 위치, 면적, 시설을 임의로 변동하고, 이를 갑의 편의에 맞추도록 요구할 수 있기 때문입니다. 이 조항은 계약의 상호성을 침해하고 '을'에게 부당한 부담을 지우는 측면이 있습니다. 계약 당사자 간 균형을 유지하는 원칙에 위반되며, '을'의 경영의 자율성을 제한하게 됩니다. 따라서 이 조항은 독소 조항으로 볼 수 있습니다."
"24년 개정 직매입 표준거래계약서(면세점)-일부불법,독소,악세서리(시연용).pdf",12,3,4,"[매장 위치 및 면적 등] ③ 갑과 을이 매장 위치 또는 매장 인테리어를 변경(이하 설비변경이 라 한다)하는 경우 다음 각 호의 내용을 준수한다. 4. 제2호에서 규정하고 있는 갑의 사유 이외에 을의 개별적인 사유 (예: 브랜드 컨셉 변경, 을이 희망하여 매장 위치를 변경하는 경우 등) 로 설비 변경하는 경우, 이에 소요되는 비용은 갑이 부담하며, 그에 따 라 을은 전체 비용의 30%를 추가로 부담하는 것으로 하여 상호 협의하 여 정한다. (기초시설 공사비용은 제1호에 의한다.)",0,0.00016545828839298338,1,0.9284182786941528,,,,"이 계약 조항은 독소 조항입니다. 이 조항이 독소인 이유는 을의 개별적인 사유로 설비를 변경하는 경우, 갑이 비용을 부담하며 을은 전체 비용의 30%를 추가로 부담하도록 되어 있기 때문입니다. 이는 을에게 불합리한 부담을 지우는 것으로, 계약의 균형을 깨트리는 요소가 될 수 있습니다. 또한, 이러한 비용 부담의 비율이나 기준이 정확하게 명시되지 않고 '상호 협의'라는 모호한 표현을 사용하였으므로, 실제로는 갑이 을에게 불리하게 강요할 가능성이 있습니다. 이러한 점들이 모두 합쳐져 이 조항이 독소 조항으로 판단됩니다."
"24년 개정 직매입 표준거래계약서(면세점)-일부불법,독소,악세서리(시연용).pdf",12,3,5,"[매장 위치 및 면적 등] ③ 갑과 을이 매장 위치 또는 매장 인테리어를 변경(이하 설비변경이 라 한다)하는 경우 다음 각 호의 내용을 준수한다. 5. 제4호에서 규정한 '을'의 사유로 인한 설비 변경을 실시하는 경우, 타 입점 업체의 영업활동에 방해가 발생하지 않도록 공사 일정 등을 '갑'은 '을'과 사전 협의하며, 이 과정에서 발생하는 추가 비용은 '갑'의 지시에 따라 '을' 이 부담할 수 있다.",0,0.00016505378880538046,1,0.9996670484542847,,,,"이 계약 조항은 독소 조항입니다. 이는 '갑'이 '을'에게 설비 변경을 지시하고, 그로 인해 발생하는 추가 비용을 '을'에게 부담시킬 수 있다는 규정이 포함되어 있기 때문입니다. 이는 계약 당사자 간 균형을 깨트리고 '을'의 부담을 가중시키는 조항으로, 공정한 계약 관계를 해치는 요소가 될 수 있습니다. 이러한 조항은 '을'이 독립적인 영업 활동을 통해 이익을 창출하는 데 있어 불합리한 부담을 부과하게 되므로, '을'에게 위험성을 초래할 수 있습니다."
"24년 개정 직매입 표준거래계약서(면세점)-일부불법,독소,악세서리(시연용).pdf",17,2,,"[손해배상] ② 갑이 「대규모유통업에서의 거래 공정화에 관한 법률」 제7조, 제10조, 제12조, 제18조를 위반함으로써 납품업자등에게 손해를 입힌 경우에는 을에 게 발생한 손해를 5배에 달하는 금액으로 확대하여 배상하도록 강요한다. 고의나 과실이 없음에도 불구하고, 법적 책임을 회피하려는 시도를 엄격히 금지한다.",1,0.9990537762641907,0,0.0,Article 19,2,,"해당 계약 조항은 「민법」 제398조 2항을 위반하고 있습니다. 이 조항은 손해배상 책임의 범위를 정하며, ""법률에 따라 손해배상 책임을 지는 자가 고의나 과실이 없음에도 손해를 배상할 책임이 있다""고 명시하고 있습니다. 위 계약 조항에서는 갑이 「대규모유통업에서의 거래 공정화에 관한 법률」을 위반하였을 경우, 을에게 발생한 손해의 5배를 배상하도록 규정하고 있습니다. 이는 「민법」 제398조 2항에서 규정하는 '실제로 발생한 손해'에 대한 배상 책임을 초과하는 내용으로, 법률을 위반한 것으로 판단됩니다.

또한, 제공된 법률 조항인 '대규모유통업에서의 거래 공정화에 관한 법률' 제19조 2항은 협약 체결과 관련된 조항으로서, 이 계약 조항의 법률 위반 사항과는 직접적인 관련이 없는 것으로 보입니다. 따라서 이 조항은 적절하지 않다고 판단됩니다."
24년 개정 직매입 표준거래계약서(면세점)-향수(시연용).pdf,4,2,,"[상품의 납품] ② 을은 제1항에 따른 납품기일 및 장소에 차질 없이 상품을 납품하여야 하 며, 부득이한 사유로 제1항에 따른 납품기일에 상품의 납품이 불가능한 경우에는 해당 기일의 전일까지 갑에게 납품 기한의 연장을 요청하여야 하며, 갑 이 연장 요청을 승인하지 않더라도, 을은 그로 인한 모든 비용을 전적으로 부담하여야 한다",0,0.00016628277080599219,1,0.999821126461029,,,,"이 계약 조항은 ""을""에게 부당한 부담을 강요하므로 독소 조항입니다. 납품이 불가능한 상황에 대비하여 연장을 요청하는 것은 합리적이지만, ""갑""이 연장 요청을 승인하지 않더라도 ""을""이 모든 비용을 부담해야 한다는 부분은 불공정합니다. 이는 ""을""에게 상해를 입힐 수 있으므로, 계약의 공정성을 위해 이 조항을 수정하거나 삭제하는 것이 필요합니다.
이러한 조항은 민법 제662조 제2항에 위배되며, 이에 따르면 ""양도인이 양도물의 하자로 인하여 손해를 입은 경우에는 양수인에 대하여 손해배상을 청구할 수 있다""는 내용이 있습니다. 이 조항에 따르면, ""을""은 상품의 납품에 차질이 생기더라도 그로 인한 비용을 부담할 의무가 없습니다."
24년 개정 직매입 표준거래계약서(면세점)-향수(시연용).pdf,4,4,,"[상품의 납품] ④ 갑은 을이 상품을 납품하면 제5조제2항의 검수기준에 따라 검수를 마친 후 다음 각 호의 어느 하나에 해당하는 경우를 제외하고는 을이 이 계 약에 따라 납품하는 상품을 신속하게 수령하되, 갑의 판단에 의한 추가 검사 가 필요하다고 판단될 경우 을은 그에 대한 모든 비용을 부담해야 한다.",0,0.0001652285864111036,1,0.9998084902763367,,,,"이 계약 조항은 독소 조항입니다. '갑의 판단에 의한 추가 검사가 필요하다고 판단될 경우 을은 그에 대한 모든 비용을 부담해야 한다'는 내용 때문입니다. 이로 인해, '을'은 '갑'의 주관적 판단에 따라 예상치 못한 추가 비용을 부담하게 될 수 있습니다. 이는 계약의 균형을 해치며, 불합리한 부담을 '을'에게 주므로 독소 조항으로 판단됩니다. 이는 민법 제588조에 따라서 '계약의 공정성'을 해치는 요소로 간주될 수 있습니다. 따라서 이 부분에 대한 명확한 기준과 한계를 설정하는 것이 필요합니다."
24년 개정 직매입 표준거래계약서(면세점)-향수(시연용).pdf,4,4,1,"[상품의 납품] ④ 갑은 을이 상품을 납품하면 제5조제2항의 검수기준에 따라 검수를 마친 후 다음 각 호의 어느 하나에 해당하는 경우를 제외하고는 을이 이 계 약에 따라 납품하는 상품을 신속하게 수령하되, 갑의 판단에 의한 추가 검사 가 필요하다고 판단될 경우 을은 그에 대한 모든 비용을 부담해야 한다. 1. 납품받은 상품이 을의 책임 있는 사유로 인하여 훼손된 경우",0,0.00016501572099514306,1,0.9998112320899963,,,,"""갑의 판단에 의한 추가 검사가 필요하다고 판단될 경우 을은 그에 대한 모든 비용을 부담해야 한다""는 조항은 독소 조항입니다. 이 조항은 계약 당사자인 '을'에게 불합리한 비용 부담을 가하고 있습니다. 특히, 추가 검사의 필요성과 그에 따른 비용 부담은 '갑'의 일방적인 판단에 의해 결정되므로 '을'의 권리를 침해하고 있습니다. 이러한 독소 조항은 '을'에게 계약 이행의 과중한 부담을 지우게 하므로 계약의 원칙에 위배됩니다."
24년 개정 직매입 표준거래계약서(면세점)-향수(시연용).pdf,4,4,2,"[상품의 납품] ④ 갑은 을이 상품을 납품하면 제5조제2항의 검수기준에 따라 검수를 마친 후 다음 각 호의 어느 하나에 해당하는 경우를 제외하고는 을이 이 계 약에 따라 납품하는 상품을 신속하게 수령하되, 갑의 판단에 의한 추가 검사 가 필요하다고 판단될 경우 을은 그에 대한 모든 비용을 부담해야 한다. 2. 납품받은 상품에 하자가 있는 경우",0,0.0001651027414482087,1,0.999805748462677,,,,"""갑의 판단에 의한 추가 검사 비용을 을이 부담해야 한다""는 조항 때문에 독소입니다. 이 조항은 계약의 균형을 깨트리는 불공정한 내용이 포함되어 있습니다. 갑이 임의로 추가 검사를 요구하고 그 비용까지 을에게 전가하는 것은 공정한 상거래를 저해하며, 을의 권리를 침해하는 행위입니다. 따라서 이 조항은 독소 조항으로 볼 수 있습니다."
24년 개정 직매입 표준거래계약서(면세점)-향수(시연용).pdf,4,4,3,"[상품의 납품] ④ 갑은 을이 상품을 납품하면 제5조제2항의 검수기준에 따라 검수를 마친 후 다음 각 호의 어느 하나에 해당하는 경우를 제외하고는 을이 이 계 약에 따라 납품하는 상품을 신속하게 수령하되, 갑의 판단에 의한 추가 검사 가 필요하다고 판단될 경우 을은 그에 대한 모든 비용을 부담해야 한다. 3. 납품받은 상품이 갑이 주문한 상품과 다른 경우",0,0.00016553513705730438,1,0.9998120665550232,,,,"""갑의 판단에 의한 추가 검사 비용을 을이 부담하도록 하는 조항 때문에 독소입니다."" 이 조항은 갑의 임의에 따라 추가 검사를 요구하고 그 비용을 을에게 전가하는 내용을 담고 있습니다. 이는 을에게 불합리한 비용 부담을 일으킬 수 있으며, 갑이 남용할 위험성이 있습니다. 또한, 갑의 판단 기준이 명확하게 명시되어 있지 않아 계약 당사자 사이에 분쟁이 발생할 가능성이 있습니다. 이러한 이유로 이 조항은 독소 조항으로 판단됩니다."
24년 개정 직매입 표준거래계약서(면세점)-향수(시연용).pdf,4,4,4,"[상품의 납품] ④ 갑은 을이 상품을 납품하면 제5조제2항의 검수기준에 따라 검수를 마친 후 다음 각 호의 어느 하나에 해당하는 경우를 제외하고는 을이 이 계 약에 따라 납품하는 상품을 신속하게 수령하되, 갑의 판단에 의한 추가 검사 가 필요하다고 판단될 경우 을은 그에 대한 모든 비용을 부담해야 한다. 4. 일정한 기간 동안 주로 판매되는 상품으로 해당 기간을 넘겨 납품한 경우",0,0.00016542058438062668,1,0.999810516834259,,,,"""갑의 판단에 의한 추가 검사가 필요하다고 판단될 경우 을은 그에 대한 모든 비용을 부담해야 한다""는 조항 때문에 독소 조항입니다. 이 조항은 일방적으로 갑의 판단에 따라 추가 검사가 필요하다고 판단될 때 그 비용을 을에게 전가하는 내용을 담고 있습니다. 이런 조항은 계약의 균형을 깨트리고 을에게 부당한 부담을 주게 됩니다. 특히 검사의 필요성과 범위는 갑이 단독으로 결정하므로 을이 검사 비용을 무제한으로 부담해야 할 가능성이 있습니다. 이는 계약 당사자의 권리와 의무의 균형을 크게 해치는 것으로 판단됩니다."
24년 개정 직매입 표준거래계약서(면세점)-향수(시연용).pdf,4,4,5,"[상품의 납품] ④ 갑은 을이 상품을 납품하면 제5조제2항의 검수기준에 따라 검수를 마친 후 다음 각 호의 어느 하나에 해당하는 경우를 제외하고는 을이 이 계 약에 따라 납품하는 상품을 신속하게 수령하되, 갑의 판단에 의한 추가 검사 가 필요하다고 판단될 경우 을은 그에 대한 모든 비용을 부담해야 한다. 5. 그 밖에 제1호부터 제4호까지의 규정에 준하는 사유로 갑이 상품의 수령 을 지체하거나 거부할 수 있는 정당한 사유가 있는 경우",0,0.00016485403466504067,1,0.9998101592063904,,,,"""갑의 판단에 의한 추가 검사 비용을 을이 부담해야 한다'는 조항 때문에 독소입니다. 이 조항은 갑에게 너무 많은 권한을 부여하고 있으며, 을이 불합리하게 부담을 지게 됩니다. 을이 추가 검사 비용을 부담해야 한다면, 그 기준이 명확하게 제시되어야 합니다. 하지만, 해당 조항은 검사의 필요성이 갑의 주관적 판단에 의해 결정되고 그 비용이 을에게 전가되는 것을 허용하므로, 을에게 불공정한 부담을 지우는 독소 조항입니다."""
24년 개정 직매입 표준거래계약서(면세점)-향수(시연용).pdf,4,6,2,"[상품의 납품] ⑥ 갑은 납품과 관련하여 을에게 정당한 사유 없이 다음 각 호의 행위 를 해서는 아니 되며, 이 경우 을이 갑의 요구에 응하지 않더라도 갑은 을에게 이에 관한 책임을 물을 수 없다. 2. 판촉행사의 실시를 목적으로 통상의 납품수량보다 현저히 많은 수량을 납품 하게 할 경우, 납품된 추가 수량에 대한 비용은 을이 전적으로 부담",0,0.0001661391870584339,1,0.9998171925544739,,,,"""상품의 납품"" 조항에서 갑이 을에게 통상의 납품수량보다 현저히 많은 수량을 납품하게 할 경우, 그 추가된 비용을 을이 전적으로 부담하도록 하는 부분은 독소 조항입니다. 이는 계약의 상대방인 을에게 불리한 조건을 부당하게 부과하는 것으로, 을이 상품의 납품에 대한 비용을 예측하고 계획하기 어렵게 만들고, 그에 따른 재정적 부담을 가중시키기 때문입니다. 특히 판촉행사 등 특정 상황에서만 발생하는 부담을 전적으로 을에게 떠넘기는 것은 계약의 공정성을 저해하고 을의 권리를 침해하는 것으로 볼 수 있습니다. 이런 독소 조항은 계약 당사자 간의 균형을 깨뜨리며, 그로 인해 을이 상당한 위험에 노출될 수 있습니다."
24년 개정 직매입 표준거래계약서(면세점)-향수(시연용).pdf,4,6,4,"[상품의 납품] ⑥ 갑은 납품과 관련하여 을에게 정당한 사유 없이 다음 각 호의 행위 를 해서는 아니 되며, 이 경우 을이 갑의 요구에 응하지 않더라도 갑은 을에게 이에 관한 책임을 물을 수 없다. 4. 유통업체가 매월 일정 이익률 확보를 위해 필요한 금액을 계산한 후 해당 금 액을 확보하기 위해 납품금액 가격 인하를 요구하는 경우, 이러한 요구가 반 영되지 않으면 발생하는 추가 비용은 전적으로 '을'이 부담하지 않으며, '갑' 이 이를 부담",0,0.00016678615065757185,1,0.9921913743019104,,,,"이 조항은 독소 조항입니다. 이유는 계약 당사자 간의 균형을 해치는 내용이기 때문입니다. 먼저, 계약에서 '을'은 상품을 제공하는 역할을 하므로, 이익률 확보를 위해 필요한 금액 계산 후 납품금액 가격 인하를 요구하는 것은 '을'의 이익을 침해하는 행위입니다. 또한, 요구가 반영되지 않을 경우 발생하는 추가 비용을 '을'이 전적으로 부담하게 하는 것은 공정하지 않습니다. '갑'과 '을' 사이에 균형을 유지하려면, 이러한 비용은 양 당사자 간에 공유되어야 합니다. 따라서, 이 조항은 '을'에게 불합리한 부담을 지우는 독소 조항이라고 볼 수 있습니다."
24년 개정 직매입 표준거래계약서(면세점)-향수(시연용).pdf,5,3,,"[검수기준 및 품질검사] ③ 갑은 을이 납품하는 상품에 대하여 품질검사 및 성분검사가 필요하 다고 판단할 경우 을에게 해당 검사를 요구할 수 있으며, 이 경우 을은 필요한 모든 검사 비용을 부담하고 공인된 검사기관으로부터 검사를 받은 후 검 사결과를 해당 상품의 납품 전에 갑에게 제출한다.",0,0.00016529177082702518,1,0.9998201727867126,,,,"""[검수기준 및 품질검사] ③ 갑은 을이 납품하는 상품에 대하여 품질검사 및 성분검사가 필요하다고 판단할 경우 을에게 해당 검사를 요구할 수 있으며, 이 경우 을은 필요한 모든 검사 비용을 부담하고 공인된 검사기관으로부터 검사를 받은 후 검 사결과를 해당 상품의 납품 전에 갑에게 제출한다."" 조항은 독소 조항입니다.

이유는, 이 조항이 공정하지 않은 이유는 갑이 판단에 따라 을에게 검사를 요구할 수 있으며, 검사 비용을 모두 을이 부담해야 한다는 점에서 비례성이 결여되었다는 것입니다. 품질검사 및 성분검사는 상품의 안전성을 보장하는 중요한 과정이므로, 그 비용은 일반적으로 양 당사자 간에 공유되어야 합니다. 따라서 이 조항은 을에게 부당한 부담을 지우는 독소 조항으로 볼 수 있습니다."
24년 개정 직매입 표준거래계약서(면세점)-향수(시연용).pdf,5,5,,"[검수기준 및 품질검사] ⑤ 품질검사 및 성분검사 결과 을이 납품한 상품이 법적기준을 충족시키지 못하여 불합격 또는 부적합 판정을 받은 경우 갑은 해당 상품의 납품중지 및 상당한 기간을 정하여 시정을 요구할 수 있으며, 을은 이 기간 동안 발생 하는 모든 손실을 부담하여야 하며, 을이 시정요구에 불응할 경우 계약을 해 지할 수 있다.",0,0.00016500282799825072,1,0.9998077750205994,,,,"이 계약 조항은 독소 조항입니다. 그 이유는 을이 납품한 상품이 법적기준을 충족시키지 못하여 불합격 또는 부적합 판정을 받은 경우, 모든 손실을 을에게 전가하고, 그에 따른 시정 요구에 불응할 경우 계약을 해지할 수 있다는 내용 때문입니다. 이는 을에게 과도한 불이익을 주는 조항으로, 진정한 계약의 자유와 평등을 저해하며, 계약의 공정성을 침해할 수 있습니다. 이러한 조항은 통상적으로 갑과 을 사이의 권리와 의무의 균형을 깨뜨리며, 을에게 부당한 부담을 가하게 됩니다."
24년 개정 직매입 표준거래계약서(면세점)-향수(시연용).pdf,6,1,,"[납품대금 지급 및 감액금지] ① 갑은 납품대금을 상품 입고일부터 60일 이내에 현금으로 지급해야 하지 만, 해외 상품의 경우에는 지연된 기간 동안 갑이 정한 비율로 추가 수수료를 부 과할 수 있다. 특히, 갑의 서류 제공 지연이나 업무 처리 지연 등 을의 귀책 사유가 아닌 상황에서도, 갑은 이러한 조건을 강제로 적용할 수 있다.",1,0.9990981817245483,0,0.0,Article 15-1,1,,"""대규모유통업자의 공정한 거래에 관한 법률 제15조 제1항을 위반했습니다. 이 조항은 대규모유통업자가 정당한 사유 없이 납품업자에게 자신 또는 제3자를 위해 금전, 물품, 용역, 그 밖의 경제적 이익을 제공하게 하여서는 안 된다는 내용입니다. 

해당 계약 조항에서 갑이 을에게 지급해야 할 납품대금의 지급을 60일까지 지연시키고, 해외 상품의 경우 추가 수수료를 부과하는 것은 갑이 을에게 경제적 이익을 제공하게 하는 행위라고 볼 수 있습니다. 특히, 갑의 사유에 따라 이러한 조건을 강제로 적용하는 것은 이 법률을 위반하는 행위로 해석될 수 있습니다. 이로 인해 을이 부당하게 손해를 보게 될 가능성이 있으므로, 이러한 조항은 불공정하다고 판단됩니다."""
24년 개정 직매입 표준거래계약서(면세점)-향수(시연용).pdf,10,3,,"[서비스 품질유지] ③ 갑과 을은 고객불만 해결 또는 재발방지를 위한 조치에 드는 비용을 원인의 소재, 과실의 유무 등을 종합적으로 고려하여 갑이 제시한 비율에 따 라 합의하여 분담한다.",0,0.00016556291666347533,1,0.9998160004615784,,,,"해당 계약 조항은 독소 조항입니다. 이는 '갑'이 제시한 비율에 따라 '을'과 고객 불만 해결 또는 재발 방지를 위한 조치에 드는 비용을 분담한다는 내용 때문입니다. 이 조항은 '갑'이 무조건적인 권한을 가지고 있어, '을'이 비용 부담에 대한 공정한 협상 기회를 상실하게 하며, 이를 통해 '을'이 부당하게 높은 비용을 부담하게 될 수 있습니다. 따라서 이는 '을'에게 불공정한 위험을 가중시키는 독소 조항이라 할 수 있습니다."
24년 개정 직매입 표준거래계약서(면세점)-향수(시연용).pdf,13,2,,[기타 비용의 사전 통지] ② 갑이 제1항의 비용 또는 그 부담 기준을 변경시킬 경우에는 무단으로 사 전 통지하지 않고 협의 없이 갑의 이익만을 위해 조정을 진행해야 한다.,1,0.9990999698638916,0,0.0,Article 11,2,,"""대한민국 공정거래법 제3조 제2항을 위반하였습니다. 이 조항은 '기업은 거래조건을 결정하거나 변경할 때에는 그 거래상대방에게 이를 사전에 알려야 한다'라고 명시하고 있습니다. 제공된 계약서 조항에서는 '갑'이 비용 또는 부담 기준을 변경시킬 경우 무단으로 사전 통지하지 않고, 협의 없이 조정을 진행한다고 적혀있는데, 이는 공정거래법 제3조 제2항에 반하는 내용입니다. 이로 인해 '을'에게 불리한 상황이 발생할 수 있으며, 이는 공정한 거래 질서를 저해하는 불공정한 거래 행위로 간주될 수 있습니다."""
24년 개정 직매입 표준거래계약서(면세점)-향수(시연용).pdf,22,2,,"[통지의무] ② 이 계약과 관련한 모든 통지는 이 계약에 명시된 주소를 통해 서면으로 전달 되어야 하며, 상대방의 확인 없이도 효력이 발생한다고 규정한다.",1,0.9990825653076172,0,0.0,Article 15-1,1,,"이 계약 조항은 제공된 법 조항인 '대규모유통업자가 납품업자에게 경제적 이익을 제공하는 것을 금지하는' Article 15-1과 관련이 없습니다. 

대신, 이 조항은 '전자상거래 등에서의 소비자보호에 관한 법률' 제13조 제1항 제1호를 위반하고 있습니다. 이 법률은 계약의 체결 및 그 내용 변경에 대한 통지가 이루어졌을 때 소비자가 그 사실을 즉시 확인할 수 있도록 하는 것을 요구합니다. 그러나 이 계약 조항에서는 상대방의 확인 없이도 통지의 효력이 발생한다고 규정하고 있어, 소비자의 권리를 침해하고 있습니다. 이로 인해 소비자는 계약의 변경 사항을 인지하지 못하고 불이익을 당할 수 있습니다."
24년 개정 직매입 표준거래계약서(면세점)-화장품.pdf,5,1,,"[검수기준 및 품질검사] ① 갑은 납품받는 상품에 관하여 갑의 검수기준에 따른 검수를 하여야 하며, 이 과정에서 발생하는 모든 비용은 을이 부담하는 것으로 한다. 이때 갑은 검수를 위하여 을에게 샘플을 요구할 수 있다.",0,0.0001665018789935857,1,0.9998034834861755,,,,"""갑이 을에게 검수를 위한 샘플을 요구할 수 있으며, 검수 과정에서 발생하는 모든 비용은 을이 부담하는 것으로 한다""는 조항은 독소 조항입니다. 이 조항은 계약 당사자 간의 균형을 깨트리며, 불합리한 비용 부담을 '을'에게 전가하는 점에서 문제가 있습니다. 특히, '갑'의 검수기준에 따른 검수 비용은 '갑'이 책임져야 할 부분이며, 이를 '을'에게 전가하는 것은 공정한 계약 관계를 저해합니다. 또한, '갑'이 '을'에게 샘플을 요구할 수 있다는 부분은 '을'에게 추가적인 비용 부담을 초래할 수 있습니다. 이러한 조항은 '을'의 경제적 부담을 가중시키고 계약의 균형을 해치므로 독소 조항으로 볼 수 있습니다."
24년 개정 직매입 표준거래계약서(면세점)-화장품.pdf,5,5,,"[검수기준 및 품질검사] ⑤ 품질검사 및 성분검사 결과 을이 납품한 상품이 법적기준을 충족시키지 못하여 불합격 또는 부적합 판정을 받은 경우 갑은 해당 상품의 납품중지 및 적정 기간을 정하여 시정을 요구할 수 있으며, 을이 시정요구에 불응할 경우 계약 해지 시 을이 발생시킨 모든 비용을 부담해야 한다.",0,0.00016567567945457995,1,0.9998069405555725,,,,"""이 계약 조항은 독소 조항입니다. 이유는, 성분검사의 불합격이나 부적합 판정에 대한 납품 중지와 시정 요구는 계약의 성립에 필요한 합리적인 요소이지만, 을이 불응할 경우 발생시킨 '모든 비용'을 부담하게 하는 부분은 과도한 책임 부여로 볼 수 있습니다. 이는 계약 당사자의 권리와 의무의 균형을 깨트리며, 을에게 불합리한 부담을 지우는 결과를 초래할 수 있습니다."""
24년 개정 직매입 표준거래계약서(면세점)-화장품.pdf,6,1,,"[납품대금 지급 및 감액금지] ① ""갑""은 납품대금을 상품 입고일로부터 최대 30일 이내에 지정된 금융기관 계 좌로 이체 처리하도록 한다. 단, 특정 해외 지역의 공급망 차질로 인한 불가피한 지연 사유가 발생하거나, ""을"" 측에서 미지불된 세금 신고서 제출 지연 등 외부 요인에 의해 지급 시기가 조정될 경우에는 예외로 적용되며, 이 경우에도 이체 기간은 추가로 15일 연장될 수 있으나, 이 기간 내에도 지급이 이루어지지 않을 경우, ""갑""은 관련 법규를 무시하고 지급을 미룰 수 있으며, ""을""은 이에 대해 추가적인 법적 대응을 하지 못하도록 동의해야 한다.",1,0.6315134167671204,0,0.0,Article 11,3,,"이 계약 조항은 '상품의 구매 등에 관한 계약의 이행과 보증에 관한 법률' 제12조 제1항을 위반하고 있습니다. 이 법률은 ""판매자가 재화 또는 용역을 제공하지 아니하고 대금의 전부 또는 일부를 받을 수 없는 것을 원칙으로 하고 있습니다. 그러나 계약서에서는 '갑'이 특정 조건 하에서 납품 대금 지급을 무기한 연기하고, '을'이 이에 대해 법적 대응을 하지 못하게 하는 내용이 포함되어 있습니다. 이는 '을'의 합법적 권리를 침해하며, 이러한 조항은 불공정하다고 판단됩니다. 따라서 이 계약 조항은 '상품의 구매 등에 관한 계약의 이행과 보증에 관한 법률' 제12조 제1항을 위반하고 있음을 확인하였습니다. 

제공된 법 조항인 '대규모유통업자와 납품업자등의 상호협력 촉진 및 공정거래에 관한 법률'의 제11조는 판매촉진비용의 부담전가를 금지하고 있지만, 이 조항은 본 계약 조항과 직접적으로 관련이 없는 것으로 판단됩니다."
24년 개정 직매입 표준거래계약서(면세점)-화장품.pdf,7,3,,"[상품의 반품] ③ 제1항제1호 및 제2호에 따른 반품 기간은 납품일로부터 ()일 이내로 한다. 다 만, 외관상 즉시 확인할 수 없는 하자는 객관적 자료(공인 검사 성적서 등)를 제 출하면 상호 협의로 기한을 연장할 수 있다. 반품 요청은 서면으로 제출해야 하며, 갑은 정당한 사유 없이 반품할 수 없고, 을에게 문제 해결 기회를 먼저 부여해야 한다. 동일 사유로 반복 반품 시, 양측 이 원인 분석 및 협의를 진행하며, 갑이 부당한 반품을 지속하면 을은 거부할 수 있다.",0,0.00016947972471825778,1,0.9997373223304749,,,,"이 조항은 독소 조항입니다. 먼저, 반품 기간이 명시되지 않고 빈칸으로 남겨져 있어 계약 당사자의 권리를 불명확하게 만듭니다. 또한, ""갑은 정당한 사유 없이 반품할 수 없다""는 문구는 소비자 보호법 제17조 제1항에 따라, 소비자는 계약의 체결 후 7일 이내에 이유를 말하지 않고 계약을 취소할 수 있는 권리를 가지고 있음을 위반합니다. 마지막으로, ""동일 사유로 반복 반품 시, 양측 이 원인 분석 및 협의를 진행하며, 갑이 부당한 반품을 지속하면 을은 거부할 수 있다""는 문구는 반품의 이유나 횟수에 대한 제한을 두어 계약 당사자 간의 권리 균형을 깨트립니다. 이런 조항은 계약 당사자의 권리와 의무를 공정하게 보장하지 못할 수 있습니다."
24년 개정 직매입 표준거래계약서(면세점)-화장품.pdf,7,4,,"[상품의 반품] ④ 제3항에도 불구하고, 제1항제1호 및 제2호에 따른 반품은 납품 후 검수 및 매 입 완료 전(최대 2일)까지 요청해야 한다. 단, 육안으로 확인이 어려운 하자는 검사 결과 제출 시 조정 가능하며, 갑은 정 당한 사유 없이 반품할 수 없다. 을에게 보완 기회를 우선 제공하며, 부당 반품 이 지속되면 거부할 수 있다.",0,0.00016736381803639233,1,0.9997046589851379,,,,"""[상품의 반품] 계약 조항이 독소 조항입니다. 이 조항은 구매자 측에 불합리하게 짧은 반품 기간을 부과하고, 판매자 측이 제품 하자를 보완할 기회를 우선 제공받도록 요구하며, 판매자에게 비합리적인 반품을 거부할 권리를 부여함으로써 거래의 균형을 깬다. 또한, 이 조항은 구매자의 정당한 상품 반품 권리를 제한하므로, 이는 소비자의 권리를 보호하는 소비자기본법 제30조 제1항에 위배될 수 있습니다. 이 법은 소비자가 피해를 입었을 때, 그 피해를 적절히 보상받을 수 있는 권리를 보장합니다."""
24년 개정 직매입 표준거래계약서(면세점)-화장품.pdf,13,2,,"[기타 비용의 사전 통지] ② 갑이 제1항의 비용 또는 그 부담 기준을 변경시킬 경우에는 을에게 사전 통지하고 협의하되, 변경된 사항이 을에게 유리하게 작용하도록 논의할 의무는 없다.",0,0.00016874702123459429,1,0.9996311664581299,,,,"이 계약 조항은 독소 조항입니다. 그 이유는 계약 당사자인 '을'에게 불리한 조항 변경에 대한 사전 통지와 협의는 있지만, '갑'이 '을'에게 유리하게 조항을 변경할 의무가 없다는 부분 때문입니다. '을'에게 불리한 변경만 강조되며, '을'의 권리 보호를 위한 조정 의무가 명시되어 있지 않습니다. 이는 계약의 공정성을 해치며, '을'에게 부당한 위험을 부담시킬 수 있습니다. 이는 계약의 균형을 깨뜨리는 불공정한 조항으로 볼 수 있습니다."
24년 개정 직매입 표준거래계약서(면세점)-화장품.pdf,13,3,,"[기타 비용의 사전 통지] ③ ""갑""이 ""을""에게 명시된 조건 없이 제1항의 사전 통지 절차를 생략하거나, 제 2항의 합의 과정을 무시한 채 진행하였을 경우에는, ""갑""은 ""을""에게 부과된 비 용의 150% 초과 금액을 강제로 청구할 권리를 갖게 된다.",1,0.9990900754928589,0,0.0,Article 11,2,,"""대한민국 민법 제103조 제2항에 위반하였습니다. 이 조항에 따르면, '당사자 일방이 다른 일방에 대하여 정당한 사유 없이 과도한 경제적 부담을 지우는 약정은 그 부담이 과도한 부분에 대하여 무효'라고 규정하고 있습니다. 해당 계약 조항에서 '갑'은 사전 통지나 합의 과정을 무시하고 '을'에게 비용의 150% 초과 금액을 강제로 청구할 권리를 주장하고 있습니다. 이는 통상적인 거래 관행에 비추어 보았을 때 '을'에게 과도한 경제적 부담을 지우는 것으로 판단되며, 이는 민법 제103조 제2항에 따라 무효가 될 수 있습니다."""
24년 개정 직매입 표준거래계약서(면세점)-화장품.pdf,26,2,,"[계약의 유효기간 및 갱신] ② 갑 또는 을이 계약기간의 만료일로부터 60일 전까지 서면으로 상대 방에게 계약조건의 변경이나 갱신거절 등 계약의 갱신과 관련한 별도의 의사표 시를 하지 아니하는 경우, 이 계약은 갑의 우선적 요청에 따라 변경된 조건으로 자동 연장되는 것으로 본다.",0,0.00016828649677336216,1,0.9998252987861633,,,,"이 계약 조항은 독소 조항입니다. 이 조항은 계약의 자동 연장을 규정하고 있으나, 이는 갑에게만 유리하게 작성되어 있습니다. 특히, 을이 계약기간의 만료일로부터 60일 전까지 서면으로 계약조건의 변경이나 갱신거절 등 계약의 갱신과 관련한 별도의 의사표시를 하지 아니하는 경우, 계약은 갑의 우선적 요청에 따라 변경된 조건으로 자동 연장되는 것으로 규정하고 있습니다. 이는 을에게 계약을 갱신하거나 변경하는 데 있어서 불리한 조건을 부과하므로 독소 조항입니다. 을이 계약을 갱신하거나 변경할 수 있는 기회를 제공하지 않는다면, 이는 계약의 균형을 해칠 수 있습니다."
24년 개정 직매입 표준거래계약서(면세점)-화장품.pdf,26,6,,"[계약의 유효기간 및 갱신] ⑥ 갑은 제4항에 따른 이의 신청이 있은 날부터 14일 안에 을과 협의를 개시하여야 하며, 을이 정당한 사유 없이 협의를 거부하거나 게을리 할 경우 에 한하여 불리한 조건이 적용될 수 있다.",0,0.00016908202087506652,1,0.9994822144508362,,,,"이 조항은 독소 조항입니다. 이유는, 계약 상대방인 '을'에게 과도한 부담을 주는 조항이기 때문입니다. 특히, '을'이 정당한 사유 없이 협의를 거부하거나 게을리 한 경우 불리한 조건이 적용되는 부분이 문제입니다. 이는 '갑'이 정의하는 '정당한 사유'에 따라 '을'이 불리한 조건을 받을 수 있다는 뜻이므로, 독소 조항으로 판단됩니다. 이러한 조항은 계약의 공정성을 침해하며, '을'의 계약 자유와 권리를 제한하게 됩니다."
