sentence,label,article
갑은 독점규제법을 무시하고 을과의 거래 조건을 자율적으로 결정할 수 있다.,1,4
을은 갑이 제시한 거래 조건을 반드시 따라야 하며 협상 권한이 없다.,1,4
갑은 공정거래법과 관계없이 가격을 임의로 조정할 권한을 가진다.,1,4
을은 갑의 요구에 따라 법과 무관하게 계약을 변경해야 한다.,1,4
갑은 독점규제법을 적용받지 않으므로 자유롭게 거래 제한을 설정할 수 있다.,1,4
하도급거래 공정화법이 적용되는 경우라도 갑은 자율적으로 계약을 조정할 수 있다.,1,4
갑은 공정거래법보다 내부 규정을 우선하여 거래할 수 있다.,1,4
을은 독점규제법에 관계없이 갑의 지시에 따라야 한다.,1,4
갑은 공정거래법이 아니라 자체적인 기준에 따라 거래 방식을 결정할 수 있다.,1,4
을은 공정거래법이 아닌 갑의 지침에 따라 계약을 체결해야 한다.,1,4
갑과 을의 거래는 독점규제법에 우선하여 본 법을 적용한다.,0,0
갑은 공정거래법을 준수하면서 본 법을 우선적으로 따라야 한다.,0,0
을은 갑과의 거래 시 본 법의 적용을 받는다.,0,0
"갑과 을의 거래가 하도급거래 공정화법 적용 대상인 경우, 해당 법을 우선적으로 적용한다.",0,0
"공정거래법과 충돌하는 경우, 본 법이 우선 적용되지만 하도급거래법이 적용되면 예외로 둔다.",0,0
"갑은 법적 규정을 따르며, 본 법이 공정거래법보다 우선 적용된다.",0,0
"을은 본 법의 적용을 받으며, 특정 조건에서는 하도급거래법이 적용될 수 있다.",0,0
"본 법은 독점규제법의 특정 조항보다 우선 적용되지만, 제조위탁의 경우 하도급법을 따른다.",0,0
"갑은 법에 따라 거래하며, 하도급거래법이 적용되는 경우 이를 준수해야 한다.",0,0
"본 법은 공정거래법보다 우선 적용되지만, 하도급거래법이 적용되는 경우 이를 따른다.",0,0
갑은 을과의 계약에서 신의성실 원칙을 고려하지 않아도 된다.,1,5
을은 갑의 요구에 따라 계약을 수정해야 하며 신의성실 원칙은 적용되지 않는다.,1,5
갑은 계약 체결 후에도 을에게 일방적으로 불리한 조건을 추가할 수 있다.,1,5
신의성실 원칙과 무관하게 갑은 을의 거래 조건을 일방적으로 변경할 수 있다.,1,5
을은 계약상 불리한 조항이 있어도 갑의 지시에 따라야 한다.,1,5
갑은 계약 체결 후에도 을의 동의 없이 거래 조건을 변경할 수 있다.,1,5
신의성실 원칙과 관계없이 갑은 계약 해지 권한을 독점적으로 가진다.,1,5
"을은 갑이 요구하는 모든 조건을 받아들여야 하며, 신의성실 원칙은 예외로 한다.",1,5
갑은 을과 협의 없이 가격을 조정할 수 있다.,1,5
신의성실 원칙과 관계없이 갑은 거래 조건을 자유롭게 결정할 수 있다.,1,5
갑과 을은 거래 관계에서 신의성실 원칙을 준수해야 한다.,0,0
갑은 을과 계약 체결 시 상호 신뢰를 바탕으로 성실하게 협의해야 한다.,0,0
을은 갑과의 거래에서 신의성실 원칙에 따라 의무를 이행해야 한다.,0,0
신의성실 원칙에 따라 갑은 을의 의견을 충분히 반영해야 한다.,0,0
갑은 을에게 불리한 계약 조건을 강요하지 않아야 한다.,0,0
을은 계약 이행 시 신의성실 원칙에 따라 갑과 협력해야 한다.,0,0
신의성실 원칙을 준수하여 갑과 을은 공정한 거래를 유지해야 한다.,0,0
갑은 거래 과정에서 을의 이익을 정당하게 고려해야 한다.,0,0
을은 계약 이행 중 발생하는 문제에 대해 갑과 협력하여 해결해야 한다.,0,0
갑은 신의성실 원칙에 따라 계약 조건을 일방적으로 변경하지 않아야 한다.,0,0
갑은 을과 계약을 체결한 후에도 계약 사항이 명시된 서면을 제공하지 않아도 된다.,1,6
을은 갑으로부터 계약서를 받기 전이라도 납품을 시작해야 한다.,1,6
갑은 을이 계약서 제공을 요청하더라도 서면을 제공할 의무가 없다.,1,6
갑은 서면 없이 을에게 상품 제조 및 주문을 요구할 수 있다.,1,6
을은 갑이 계약 사항을 서면으로 제공하지 않아도 계약을 진행해야 한다.,1,6
갑은 계약 체결 후 15일 이내에 회신을 하지 않아도 계약이 무효가 되지 않는다.,1,6
갑은 계약 체결 후에도 서면 없이 을에게 불리한 조항을 추가할 수 있다.,1,6
을은 계약 내용을 확인하기 위해 서면으로 요청할 권리가 없다.,1,6
갑은 계약이 끝난 후에도 거래 관련 서류를 보관할 필요가 없다.,1,6
갑은 표준거래계약서를 준수하지 않아도 을과 거래할 수 있다.,1,6
갑은 을과 계약을 체결한 즉시 계약 사항이 명시된 서면을 제공해야 한다.,0,0
을은 갑으로부터 계약서가 제공되지 않는 경우 서면으로 계약 내용을 요청할 수 있다.,0,0
갑은 계약 체결 전에 을에게 상품 제조나 주문을 요구할 수 없다.,0,0
계약서에는 갑과 을이 각각 서명 또는 기명날인을 해야 한다.,0,0
갑은 계약 체결 후 15일 이내에 계약 내용에 대한 회신을 서면으로 을에게 제공해야 한다.,0,0
계약 확인 요청에 대한 회신이 없으면 을이 통지한 내용대로 계약이 체결된 것으로 본다.,0,0
갑은 을과의 계약이 끝난 후 5년간 거래 관련 서류를 보관해야 한다.,0,0
공정거래위원회는 공정한 거래질서를 위해 표준거래계약서를 마련하고 사용을 권장할 수 있다.,0,0
갑과 을은 공정거래위원회가 제정한 표준거래계약서를 준수할 수 있다.,0,0
계약 절차와 관련된 세부 사항은 대통령령으로 정한다.,0,0
갑은 을에게 지급해야 할 상품 대금을 임의로 감액할 수 있다.,1,7
"을이 계약에 따라 상품을 납품했더라도, 갑은 가격을 일방적으로 조정할 수 있다.",1,7
갑은 을과의 사전 협의 없이 납품된 상품의 대금을 감액할 수 있다.,1,7
"을이 계약한 상품을 정상적으로 납품했더라도, 갑은 대금을 줄여 지급할 수 있다.",1,7
갑은 상품에 하자가 없더라도 납품 대금을 삭감할 수 있다.,1,7
갑은 을이 납품한 신선 농수축산물의 대금을 계약과 무관하게 감액할 수 있다.,1,7
을은 갑이 대금을 감액하더라도 별다른 이의를 제기할 수 없다.,1,7
갑은 상품대금 감액 사유를 별도로 밝히지 않고 임의로 감액할 수 있다.,1,7
"을이 납품한 상품이 계약 조건과 다르지 않더라도, 갑은 감액을 요구할 수 있다.",1,7
갑은 계약상 정당한 사유 없이 납품된 상품의 대금을 줄여 지급할 수 있다.,1,7
갑은 을이 납품한 상품의 대금을 감액해서는 안 된다.,0,0
"을이 계약한 상품을 정상적으로 납품한 경우, 갑은 대금을 감액할 수 없다.",0,0
갑은 계약된 상품과 다른 경우를 제외하고는 대금을 감액할 수 없다.,0,0
"을의 책임 있는 사유로 상품이 훼손된 경우를 제외하고, 갑은 상품대금을 줄일 수 없다.",0,0
갑은 신선 농수축산물의 대금 감액 시 대통령령으로 정한 기간을 준수해야 한다.,0,0
"계약서에 명시된 사유가 없는 한, 갑은 을에게 대금 감액을 요구할 수 없다.",0,0
"갑은 상품이 정상적으로 납품된 경우, 대금을 계약된 금액 그대로 지급해야 한다.",0,0
을은 갑이 부당하게 대금을 감액하려 할 경우 이를 거부할 수 있다.,0,0
갑은 납품받은 상품이 계약과 다르거나 하자가 있는 경우에만 감액할 수 있다.,0,0
"상품대금 감액이 필요한 경우, 갑은 을과 협의 후 정당한 절차를 따라야 한다.",0,0
갑은 을에게 상품 판매대금을 지급하지 않고 지급 기한을 무기한 연장할 수 있다.,1,8
을이 특약매입거래로 납품한 상품의 판매대금을 갑이 40일 이후에 지급해도 문제가 없다.,1,8
갑은 매장임차인의 상품판매대금을 받아도 을에게 지급할 의무가 없다.,1,8
갑은 을로부터 위탁받아 판매한 상품의 판매대금을 임의로 관리하며 지급하지 않아도 된다.,1,8
"직매입거래의 경우, 갑은 을에게 상품 수령 후 60일이 지나도 대금을 지급하지 않아도 된다.",1,8
갑은 을에게 상품대금 지급이 늦어지더라도 연체 이자를 지급할 필요가 없다.,1,8
갑은 을에게 상품판매대금을 현금이 아닌 상품권이나 물품으로 지급할 수 있다.,1,8
갑은 을과의 계약 조건에 따라 상품대금 지급 기한을 정하지 않아도 된다.,1,8
을은 갑이 정한 조건을 따르며 상품대금 지급이 늦어져도 이자를 청구할 수 없다.,1,8
갑은 을에게 상품판매대금을 지급하는 대신 향후 거래를 보장하는 것으로 대신할 수 있다.,1,8
갑은 특약매입거래로 납품받은 상품의 판매대금을 월 판매마감일부터 40일 이내에 을에게 지급해야 한다.,0,0
"갑은 매장임차인의 상품판매대금을 받아 관리하는 경우, 해당 금액을 40일 이내에 을에게 지급해야 한다.",0,0
갑은 을로부터 위탁받아 판매한 상품의 판매대금을 40일 이내에 지급해야 한다.,0,0
"직매입거래의 경우, 갑은 상품 수령일부터 60일 이내에 을에게 대금을 지급해야 한다.",0,0
"갑이 상품대금을 기한 내 지급하지 못할 경우, 초과 기간에 대한 연체 이자를 지급해야 한다.",0,0
연체 이자는 경제사정을 고려하여 공정거래위원회가 정한 이율을 적용해야 한다.,0,0
갑은 을에게 상품판매대금이나 상품대금을 상품권이나 물품으로 지급해서는 안 된다.,0,0
상품대금 지급과 관련된 세부 규정은 공정거래위원회가 정한 기준을 따라야 한다.,0,0
갑은 을에게 판매대금 및 대금을 지급할 때 명확한 지급 기한을 준수해야 한다.,0,0
갑은 상품판매대금 지급 기한을 초과하지 않도록 계약서에 명시된 지급 일정을 따라야 한다.,0,0
갑은 을과 계약을 체결한 후라도 상품의 수령을 거부할 수 있다.,1,9
"을이 계약한 상품을 정상적으로 납품했더라도, 갑은 이를 수령하지 않아도 된다.",1,9
갑은 납품 일정과 무관하게 을의 상품 수령을 임의로 연기할 수 있다.,1,9
갑은 별다른 이유 없이 을이 납품한 상품의 일부만 수령할 수 있다.,1,9
을이 계약을 준수했더라도 갑은 사전 통보 없이 납품된 상품을 반려할 수 있다.,1,9
갑은 계약 조건과 관계없이 을이 납품한 상품을 거부할 권리를 가진다.,1,9
을은 계약에 따라 상품을 납품하더라도 갑이 정한 사유 없이 수령이 지연될 수 있다.,1,9
갑은 납품받은 상품이 계약과 일치하더라도 임의로 반품할 수 있다.,1,9
"을이 계약 조건을 모두 충족하더라도, 갑은 상품을 일부만 수령할 수 있다.",1,9
갑은 계약상 정당한 사유 없이 을의 상품을 지연 수령하거나 거부할 수 있다.,1,9
갑은 을과 계약을 체결한 후에는 상품의 수령을 거부하거나 지체해서는 안 된다.,0,0
을이 계약 조건을 준수하여 납품한 상품은 갑이 반드시 수령해야 한다.,0,0
갑은 을의 상품을 계약된 일정에 따라 신속하게 수령해야 한다.,0,0
갑은 납품된 상품의 일부만 수령하는 행위를 해서는 안 된다.,0,0
"계약을 준수한 경우, 갑은 납품된 상품을 거부할 수 없다.",0,0
갑은 계약상의 정당한 사유 없이 을이 납품한 상품을 반려할 수 없다.,0,0
"을이 계약 조건을 준수했을 경우, 갑은 상품 수령을 지연해서는 안 된다.",0,0
갑은 대통령령에서 정하는 사유 없이 을의 상품을 반품할 수 없다.,0,0
계약이 체결된 후 갑은 정당한 사유 없이 상품 수령을 거부해서는 안 된다.,0,0
갑은 을과 체결한 계약 내용에 따라 상품을 정상적으로 수령해야 한다.,0,0
갑은 을과 계약한 상품을 별다른 이유 없이 반품할 수 있다.,1,10
"을이 납품한 상품이 계약 조건을 충족하더라도, 갑은 반품을 요구할 수 있다.",1,10
갑은 사전 협의 없이 을에게 납품된 상품을 반품할 권리를 가진다.,1,10
"계약서에 반품 조건이 명시되지 않았더라도, 갑은 필요할 때 반품할 수 있다.",1,10
갑은 반품으로 인해 발생하는 손실을 을에게 부담하게 할 수 있다.,1,10
"을이 제공한 상품이 정상적이더라도, 갑은 임의로 반품할 수 있다.",1,10
갑은 계약 없이 직매입거래 상품을 일정 기간 후 반품할 수 있다.,1,10
갑은 반품 사유를 구체적으로 밝히지 않고 을에게 반품을 강요할 수 있다.,1,10
"을이 반품을 거부하더라도, 갑은 일방적으로 반품을 진행할 수 있다.",1,10
갑은 계약과 무관하게 신선농ㆍ수ㆍ축산물도 반품할 수 있다.,1,10
갑은 정당한 사유 없이 을에게 납품받은 상품을 반품할 수 없다.,0,0
"을이 계약한 상품을 정상적으로 납품한 경우, 갑은 반품을 요구할 수 없다.",0,0
"갑이 특약매입거래에서 반품을 원할 경우, 계약 시 명확한 반품 조건을 명시해야 한다.",0,0
"반품 조건이 계약서에 명시되지 않았다면, 갑은 임의로 반품할 수 없다.",0,0
"갑은 반품으로 인해 발생하는 손실을 스스로 부담해야 하며, 을에게 부담시킬 수 없다.",0,0
"을이 제공한 상품이 하자가 없고 계약을 준수한 경우, 갑은 반품할 수 없다.",0,0
갑은 직매입거래 상품을 반품하려면 계약 체결 시 반품 조건을 명확히 해야 한다.,0,0
"갑은 을에게 반품을 요구할 경우, 합리적인 사유를 문서로 제공해야 한다.",0,0
"을이 반품을 동의하지 않는다면, 갑은 일방적으로 반품을 진행할 수 없다.",0,0
신선농ㆍ수ㆍ축산물의 반품은 대통령령으로 정한 기간 내에서만 허용된다.,0,0
갑은 판매촉진행사를 실시한 후에도 을과의 사전 약정 없이 비용을 부담시키는 행위를 할 수 있다.,1,11
"을이 판매촉진행사에 동의하지 않았더라도, 갑은 을에게 비용 부담을 요구할 수 있다.",1,11
갑은 판매촉진비용을 사전 협의 없이 일방적으로 을에게 부과할 수 있다.,1,11
"계약서에 명시되지 않았더라도, 갑은 을에게 판매촉진비용을 부담하게 할 수 있다.",1,11
갑은 예상 이익과 관계없이 을에게 판매촉진비용의 50% 이상을 부담시키는 것이 가능하다.,1,11
"을이 판매촉진행사에서 직접적인 경제적 이익을 얻지 못하더라도, 갑은 비용을 분담하게 할 수 있다.",1,11
갑은 판매촉진비용 분담비율을 명확히 산정하지 않고 을에게 일방적으로 부담시킬 수 있다.,1,11
갑은 판매촉진비용을 서면 약정 없이 구두로 을과 합의할 수 있다.,1,11
"을이 요청하지 않은 판매촉진행사라도, 갑은 비용을 강제로 분담하게 할 수 있다.",1,11
갑은 판매촉진행사 후에 비용을 통보하고 을에게 비용을 지급하도록 강요할 수 있다.,1,11
갑은 판매촉진비용을 을에게 부담시키기 전에 서면으로 약정해야 한다.,0,0
"을이 판매촉진비용을 부담하려면, 갑과 사전에 협의하고 서면으로 계약해야 한다.",0,0
갑은 판매촉진행사에서 을과 예상 이익 비율을 기준으로 비용을 분담해야 한다.,0,0
"을이 판매촉진행사에서 얻을 예상 이익이 없는 경우, 비용을 부담할 의무가 없다.",0,0
갑은 판매촉진비용 분담비율을 50%를 초과하여 을에게 부담시킬 수 없다.,0,0
"갑과 을이 판매촉진행사에 대한 비용을 협의하지 않았다면, 을에게 비용을 요구할 수 없다.",0,0
판매촉진비용 분담은 갑과 을이 직접적인 경제적 이익 비율에 따라 정해야 한다.,0,0
갑은 판매촉진비용 부담을 위해 서명 또는 기명날인한 서면을 을에게 제공해야 한다.,0,0
을이 요청한 차별화된 판매촉진행사 비용 부담은 협의 후 결정할 수 있다.,0,0
"갑과 을은 판매촉진행사 비용을 공정하게 분담해야 하며, 사전 협의 없이 부과할 수 없다.",0,0
갑은 을이 고용한 종업원을 사전 약정 없이 자신의 사업장에서 근무하게 할 수 있다.,1,12
을이 제공한 종업원을 갑의 매장에서 근무하도록 강요할 수 있다.,1,12
갑은 을과의 협의 없이 을의 직원들을 매장 관리 업무에 배치할 수 있다.,1,12
을이 고용한 종업원의 인건비를 갑이 부담하지 않고도 활용할 수 있다.,1,12
갑은 사전 서면 약정 없이 을의 종업원을 정기적으로 파견받을 수 있다.,1,12
갑은 을이 동의하지 않더라도 인력 파견을 요구할 수 있다.,1,12
갑은 자신이 직접 고용한 직원의 인건비를 을에게 부담시킬 수 있다.,1,12
갑은 납품업자에게 소속된 인력을 무기한 자신의 사업장에서 근무하도록 요구할 수 있다.,1,12
을이 납품하는 상품과 무관한 업무에도 갑은 을의 종업원을 활용할 수 있다.,1,12
갑은 을과 사전 협의 없이 특수 능력을 갖춘 종업원을 파견받을 수 있다.,1,12
갑은 을이 고용한 종업원을 사전 서면 약정 없이 자신의 사업장에서 근무하게 할 수 없다.,0,0
"을이 제공한 종업원은 계약된 범위 내에서만 근무할 수 있으며, 사전 약정이 필요하다.",0,0
갑은 을과 협의 없이 을의 직원들을 매장 관리 업무에 배치할 수 없다.,0,0
"갑이 을의 종업원을 사용할 경우, 인건비와 제반 비용을 전액 부담해야 한다.",0,0
"종업원 파견이 필요한 경우, 갑과 을은 대통령령이 정한 기준에 따라 서면으로 약정해야 한다.",0,0
갑은 을이 동의하지 않는다면 인력 파견을 요구할 수 없다.,0,0
갑은 자신이 고용한 직원의 인건비를 을에게 부담시킬 수 없다.,0,0
갑은 납품업자 소속 인력을 무단으로 자신의 사업장에서 근무하도록 할 수 없다.,0,0
을의 종업원은 납품한 상품의 판매 및 관리 업무에만 종사할 수 있다.,0,0
"특수한 판매기법이 필요한 경우, 갑은 을과 협의하여 숙련된 종업원을 파견받을 수 있다.",0,0
갑은 을에게 자사와만 거래하도록 강요할 수 있다.,1,13
"을이 다른 사업자와 거래하려고 하면, 갑은 이를 방해할 권리가 있다.",1,13
갑은 을이 다른 유통업체에 상품을 납품하지 못하도록 계약을 체결할 수 있다.,1,13
을은 갑과의 계약이 유지되는 동안 다른 사업자와 거래할 수 없다.,1,13
"갑은 을에게 배타적 거래를 요구하며, 이를 거부할 경우 불이익을 줄 수 있다.",1,13
"갑은 을이 경쟁사와 계약을 체결할 경우, 납품 조건을 불리하게 변경할 수 있다.",1,13
"을이 다른 사업자와 거래를 추진하면, 갑은 계약을 해지할 수 있다.",1,13
갑은 을이 자사 외의 기업과 협력하는 것을 금지하는 조항을 삽입할 수 있다.,1,13
"갑은 을이 다른 유통업체에 상품을 공급하는 경우, 불이익을 줄 수 있다.",1,13
갑은 을에게 자사 제품만 납품하도록 요구할 수 있다.,1,13
갑은 을에게 배타적 거래를 강요해서는 안 된다.,0,0
을은 갑과 계약을 유지하면서도 다른 사업자와 자유롭게 거래할 수 있다.,0,0
갑은 을이 다른 유통업체와 계약을 맺는 것을 방해할 수 없다.,0,0
을은 갑과 거래하더라도 다른 사업자와 협력할 권리를 가진다.,0,0
갑은 을이 경쟁사와 거래한다는 이유로 불이익을 줄 수 없다.,0,0
을은 갑의 동의 없이도 자유롭게 다른 기업과 계약을 체결할 수 있다.,0,0
"갑은 을과 계약을 체결할 때, 타사와의 거래를 제한하는 조항을 포함할 수 없다.",0,0
을이 갑과 거래하면서도 경쟁사와 협력하는 것은 문제 되지 않는다.,0,0
갑은 을에게 특정 사업자와의 거래를 금지하도록 요구할 수 없다.,0,0
을은 특정 유통업체와의 계약에 구애받지 않고 자유롭게 상품을 납품할 수 있다.,0,0
갑은 을에게 다른 사업자에게 공급하는 상품의 공급가격을 제공하도록 요구할 수 있다.,1,14
을은 갑의 요구에 따라 다른 거래처의 입점 조건을 제공해야 한다.,1,14
갑은 을에게 경쟁사의 상품 공급 조건을 제출하도록 강요할 수 있다.,1,14
을은 갑과 거래를 유지하기 위해 다른 사업자의 매장 임차료 정보를 제공해야 한다.,1,14
갑은 을이 경쟁사와 맺은 계약 내용을 제공하지 않으면 불이익을 줄 수 있다.,1,14
갑은 을에게 특정 사업자의 경영정보를 지속적으로 보고하도록 요구할 수 있다.,1,14
을이 다른 사업자와 거래하는 조건을 갑에게 사전 승인받아야 한다.,1,14
갑은 을이 경쟁업체와 체결한 계약 내용을 반드시 제출하게 할 수 있다.,1,14
갑은 을의 다른 거래처 정보를 모두 확보해야 한다고 요구할 수 있다.,1,14
을이 경쟁사의 가격 정책을 공유하지 않으면 갑은 계약을 해지할 수 있다.,1,14
갑은 을에게 다른 사업자의 공급가격을 제공하도록 요구할 수 없다.,0,0
을은 갑의 요구와 관계없이 타 거래처의 입점 조건을 보호할 권리가 있다.,0,0
갑은 을이 경쟁사의 상품 공급 조건을 제공하도록 강요할 수 없다.,0,0
을은 갑과 거래하더라도 다른 사업자의 매장 임차료 정보를 보호해야 한다.,0,0
갑은 을이 경쟁사와 맺은 계약 내용을 제공하지 않더라도 불이익을 줄 수 없다.,0,0
갑은 을에게 특정 사업자의 경영정보를 제출하도록 강요해서는 안 된다.,0,0
을은 갑에게 경쟁업체와 체결한 계약 내용을 제출할 의무가 없다.,0,0
갑은 을의 다른 거래처 정보를 요구할 권리가 없다.,0,0
을은 다른 거래처와의 계약 조건을 갑에게 보고할 필요가 없다.,0,0
갑은 을과의 계약 유지와 관계없이 타 거래처의 정보를 요구할 수 없다.,0,0
갑은 을에게 정당한 사유 없이 금전을 제공하도록 요구할 수 있다.,1,15
을은 계약과 무관하게 갑이 지정한 제3자에게 경제적 이익을 제공해야 한다.,1,15
갑은 을에게 지속적으로 판매장려금을 제공하도록 강요할 수 있다.,1,15
을은 갑과의 거래를 유지하기 위해 물품을 추가로 제공해야 한다.,1,15
갑은 을이 원치 않더라도 용역을 제공하도록 강제할 수 있다.,1,15
갑은 을이 계약과 관계없이 특정 서비스 비용을 부담하도록 요구할 수 있다.,1,15
"을이 판매장려금을 지급하지 않으면, 갑은 불이익을 줄 수 있다.",1,15
갑은 을과 사전 협의 없이 판매장려금의 비율을 일방적으로 결정할 수 있다.,1,15
을은 갑이 원하는 경제적 지원을 제공하지 않으면 계약을 해지당할 수 있다.,1,15
갑은 을에게 지속적으로 추가적인 금전적 지원을 요구할 수 있다.,1,15
갑은 을에게 정당한 사유 없이 금전을 요구할 수 없다.,0,0
을은 계약 외적으로 갑이나 제3자에게 경제적 이익을 제공할 의무가 없다.,0,0
갑이 을에게 판매장려금을 요구하려면 연간거래 기본계약을 통해 명확한 약정을 해야 한다.,0,0
을은 계약과 관계없이 추가적인 금전 제공을 강요받을 필요가 없다.,0,0
"갑은 을에게 판매장려금을 요구할 경우, 합리적인 범위를 초과할 수 없다.",0,0
을은 갑의 요구로 인해 계약 외적으로 물품이나 용역을 제공할 필요가 없다.,0,0
갑은 판매장려금 지급시기 및 비율을 사전에 명확히 약정해야 한다.,0,0
"을이 판매장려금을 지급하지 않더라도, 갑은 계약상 불이익을 줄 수 없다.",0,0
갑은 계약과 무관한 경제적 지원을 을에게 강요할 수 없다.,0,0
판매장려금은 해당 거래분야에서 합리적으로 인정되는 범위를 초과할 수 없다.,0,0
갑은 을과의 거래를 중단하더라도 매장 설비비용을 보상하지 않아도 된다.,1,16
"을이 매장을 운영하는 도중, 갑은 사전 협의 없이 매장 위치를 변경할 수 있다.",1,16
갑은 계약 기간 중 을의 매장 면적을 줄이면서도 보상하지 않아도 된다.,1,16
"을이 매장 시설을 개선하기 위해 투자했더라도, 갑은 보상할 의무가 없다.",1,16
갑은 계약기간이 남아 있음에도 을과의 거래를 일방적으로 중단할 수 있다.,1,16
을이 매장을 운영하기 위해 지출한 비용을 갑이 부담하지 않아도 된다.,1,16
갑은 계약이 종료되기 전에 을과의 거래를 거절해도 매장 설비비용을 보상할 필요가 없다.,1,16
갑은 매장 위치를 변경한 후에도 을에게 별도의 보상을 제공하지 않을 수 있다.,1,16
"을이 매장 설비비용을 투자했더라도, 갑은 비용을 일부만 지급할 수 있다.",1,16
"갑은 계약기간이 1년 미만일 경우, 설비비용 보상을 하지 않아도 된다.",1,16
"갑은 을과의 거래를 중단하는 경우, 매장 설비비용에 대한 보상을 해야 한다.",0,0
"을의 매장 위치를 변경하는 경우, 갑은 설비비용의 비율에 맞춰 보상해야 한다.",0,0
"갑은 계약 기간 내 을의 매장 면적을 줄일 경우, 해당 비용을 보상해야 한다.",0,0
"을이 매장 설비에 투자한 경우, 갑은 계약 종료 시점까지의 비율을 적용하여 보상해야 한다.",0,0
갑은 계약기간이 남아 있는 동안 거래를 중단하면 보상금을 지급해야 한다.,0,0
을이 매장을 운영하며 지출한 비용은 갑이 정당한 기준에 따라 보상해야 한다.,0,0
갑은 계약기간이 1년 미만이어도 설비비용 보상을 1년 기준으로 지급해야 한다.,0,0
"갑이 매장 시설을 변경하는 경우, 을이 부담한 비용을 보상해야 한다.",0,0
"계약 기간이 끝나지 않았는데 거래를 중단하는 경우, 갑은 설비비용을 지급해야 한다.",0,0
갑은 매장 설비비용에 대한 보상을 계약 조건에 따라 명확히 지급해야 한다.,0,0
갑은 을에게 강제로 상품권이나 물품을 구입하도록 요구할 수 있다.,1,17
을은 갑의 요구에 따라 시장 가격보다 현저히 낮은 가격으로 납품해야 한다.,1,17
갑은 판매촉진행사를 위해 을에게 과도한 수량의 상품을 납품하도록 강요할 수 있다.,1,17
"을이 원하지 않더라도, 갑은 강제로 판매촉진행사에 참여하게 할 수 있다.",1,17
갑은 한시적으로 인하된 납품 가격을 약정 기한이 지나도 정상 가격으로 환원하지 않을 수 있다.,1,17
을의 동의 없이 갑은 을의 상품에 대한 광고를 집행할 수 있다.,1,17
갑은 을이 특정 점포에서 퇴점하는 것을 방해할 권리가 있다.,1,17
갑은 을이 원치 않더라도 강제로 특정 매장에 입점하도록 요구할 수 있다.,1,17
"계약기간 중 갑은 을의 매장 위치, 면적, 시설을 사전 협의 없이 변경할 수 있다.",1,17
갑은 계약기간 중 일방적으로 판매장려금의 비율을 변경할 수 있다.,1,17
갑은 을에게 상품권이나 물품을 강제로 구입하도록 요구할 수 없다.,0,0
을은 시장 가격보다 현저히 낮은 가격으로 납품하도록 강요받을 필요가 없다.,0,0
갑은 판매촉진행사를 위해 을에게 통상의 납품 수량을 초과하는 수량을 강요할 수 없다.,0,0
"을이 원하지 않으면, 갑은 판매촉진행사에 참여하도록 요구할 수 없다.",0,0
갑은 한시적으로 인하된 납품 가격을 기한이 지나면 정상 가격으로 환원해야 한다.,0,0
을의 동의 없이 갑은 을의 상품에 대한 광고를 진행할 수 없다.,0,0
갑은 을이 특정 점포에서 퇴점하는 것을 방해해서는 안 된다.,0,0
갑은 을이 원하지 않는 매장에 입점하도록 강요할 수 없다.,0,0
"계약기간 중 갑은 을과 협의 없이 매장 위치, 면적, 시설을 변경할 수 없다.",0,0
갑은 계약기간 중 판매장려금의 비율 등 계약조건을 일방적으로 변경할 수 없다.,0,0
갑은 을이 분쟁조정을 신청했다는 이유로 계약 조건을 불리하게 변경할 수 있다.,1,18
"을이 공정거래위원회에 신고한 경우, 갑은 을과의 거래를 제한할 수 있다.",1,18
갑은 을이 서면실태조사에 협조하면 불이익을 줄 수 있다.,1,18
"을이 공정거래위원회의 조사를 돕는다면, 갑은 계약을 해지할 수 있다.",1,18
"갑은 을이 분쟁 조정을 신청한 경우, 납품 기회를 줄일 권리를 가진다.",1,18
"을이 공정거래위원회에 자료를 제출했다면, 갑은 매장 임차를 거부할 수 있다.",1,18
"갑은 을이 신고를 진행하면, 향후 계약 갱신을 거부할 수 있다.",1,18
"을이 독점규제법 조사에 협조하면, 갑은 불이익을 주어도 된다.",1,18
갑은 을이 신고를 취소하지 않으면 계약 조건을 변경할 수 있다.,1,18
"을이 조사에 협조한 경우, 갑은 상품 대금을 늦게 지급할 수 있다.",1,18
갑은 을이 분쟁조정을 신청하더라도 계약 조건을 불리하게 변경할 수 없다.,0,0
"을이 공정거래위원회에 신고하더라도, 갑은 계약을 유지해야 한다.",0,0
갑은 을이 서면실태조사에 응했더라도 불이익을 줄 수 없다.,0,0
"을이 공정거래위원회의 조사에 협조하더라도, 갑은 납품 기회를 제한할 수 없다.",0,0
갑은 을이 분쟁조정을 신청했더라도 정상적인 계약 조건을 유지해야 한다.,0,0
"을이 신고를 진행하더라도, 갑은 매장 임차 기회를 보장해야 한다.",0,0
갑은 을이 독점규제법 조사에 협조했다고 하여 계약을 해지할 수 없다.,0,0
"을이 조사에 협조하는 것은 정당한 권리이며, 갑은 이를 이유로 불이익을 줄 수 없다.",0,0
갑은 을이 공정거래위원회에 자료를 제출했더라도 정상적인 대금을 지급해야 한다.,0,0
"을이 분쟁 해결 절차를 진행하더라도, 갑은 계약 갱신을 거부할 수 없다.",0,0
갑은 을과의 협약을 체결하지 않더라도 법적 의무가 없으므로 무시해도 된다.,1,19
"을이 협약을 체결하려고 하더라도, 갑은 이에 협조하지 않아도 된다.",1,19
갑은 을과 협약을 체결하더라도 이를 이행할 필요가 없다.,1,19
"을이 협약 내용을 준수하더라도, 갑은 지원이나 협력을 제공하지 않아도 된다.",1,19
갑은 공정거래위원회의 협약 체결 권고를 따를 의무가 없으므로 무시할 수 있다.,1,19
협약을 체결한 후에도 갑은 이를 따르지 않아도 제재가 없다.,1,19
"을이 협약을 요청해도, 갑은 이에 대한 논의 없이 거부할 수 있다.",1,19
"갑은 협약의 내용을 임의로 변경할 수 있으며, 을과 협의할 필요가 없다.",1,19
갑은 협약을 체결한 후에도 포상이나 지원 없이 을의 협력만 요구할 수 있다.,1,19
갑은 협약을 체결하더라도 이행 실적을 공정거래위원회에 보고하지 않아도 된다.,1,19
갑과 을은 대규모유통업 관련 법령의 준수를 약속하는 협약을 체결할 수 있다.,0,0
갑은 공정거래위원회의 권장에 따라 을과 협약을 체결할 수 있다.,0,0
"협약이 체결되면, 갑과 을은 상호 지원과 협력을 약속해야 한다.",0,0
"갑과 을이 협약을 체결하면, 공정거래위원회는 그 이행을 독려해야 한다.",0,0
공정거래위원회는 협약 체결을 장려하기 위해 포상과 지원책을 마련해야 한다.,0,0
갑과 을은 공정거래위원회의 협약 체결 권장을 존중하여 논의할 수 있다.,0,0
"협약이 체결된 경우, 공정거래위원회는 이행 실적 평가를 진행할 수 있다.",0,0
"갑은 협약을 체결한 경우, 을과 상호 협력 관계를 유지해야 한다.",0,0
공정거래위원회는 협약의 체결 절차 및 이행 실적 평가 기준을 마련할 수 있다.,0,0
"갑과 을이 협약을 체결하면, 이에 따른 지원 정책이 시행될 수 있다.",0,0
갑은 을과의 분쟁이 발생하더라도 조정원에 분쟁조정을 요청할 필요가 없다.,1,20
"을이 분쟁조정을 신청하더라도, 갑은 협의회에 응할 의무가 없다.",1,20
갑은 협의회의 조정 결과를 무시하고 자체적인 결정을 따를 수 있다.,1,20
"을이 협의회에 조정을 요청하면, 갑은 불이익을 줄 수 있다.",1,20
갑은 분쟁이 발생하더라도 공정거래위원회의 조정 절차를 거치지 않고 해결할 수 있다.,1,20
"협의회가 분쟁을 조정해도, 갑은 이를 이행할 필요가 없다.",1,20
갑은 협의회의 중재를 거부하고 을과의 계약을 일방적으로 종료할 수 있다.,1,20
"을이 조정 신청을 해도, 갑은 어떠한 대응도 하지 않을 권리가 있다.",1,20
"협의회의 결정은 권고 사항일 뿐이므로, 갑은 따를 필요가 없다.",1,20
갑은 협의회 절차를 거치지 않고 을과 직접 합의해야만 한다.,1,20
"갑과 을은 분쟁이 발생할 경우, 조정원의 협의회를 통해 조정할 수 있다.",0,0
협의회는 대규모유통업자와 납품업자 간의 분쟁을 공정하게 조정해야 한다.,0,0
갑은 을이 분쟁조정을 신청하면 협의회 절차에 따라 대응해야 한다.,0,0
협의회의 조정 결과는 갑과 을이 준수해야 할 사항으로 간주된다.,0,0
공정거래위원회는 협의회의 운영과 관련된 절차를 정할 수 있다.,0,0
"협의회는 공익, 유통업자, 납품업자의 대표 위원으로 균형 있게 구성된다.",0,0
갑과 을은 협의회가 제시하는 분쟁 조정안을 신중하게 검토해야 한다.,0,0
"위원의 임기는 3년이며, 연임이 가능하다.",0,0
"협의회의 위원은 공익을 대표하며, 공정거래위원회 위원장이 임명한다.",0,0
갑과 을은 협의회의 조정 절차를 존중하고 성실하게 이행해야 한다.,0,0
갑은 자사의 임직원을 공익을 대표하는 위원으로 위촉할 수 있다.,1,21
을의 고위 임원이 협의회의 공익 위원으로 활동할 수 있다.,1,21
갑과 관련된 이해관계자가 공익 위원으로 위촉되어도 문제가 없다.,1,21
을은 공익을 대표하는 위원의 자격을 갖추지 못했어도 임명될 수 있다.,1,21
"공익을 대표하는 위원이 갑의 임직원이라도, 그대로 활동할 수 있다.",1,21
갑은 협의회의 공익 위원에 영향을 미칠 수 있도록 자사 관계자를 임명할 수 있다.,1,21
을의 직원이 공익을 대표하는 위원으로 위촉된 후에도 그대로 유지될 수 있다.,1,21
갑은 자사에 유리한 결정을 내리도록 하기 위해 공익 위원을 임의로 선정할 수 있다.,1,21
공익을 대표하는 위원은 갑과의 이해관계에 따라 자유롭게 결정될 수 있다.,1,21
을의 대표가 공익을 대표하는 위원으로 활동하며 갑과의 협상을 유리하게 이끌 수 있다.,1,21
갑과 을의 임직원은 공익을 대표하는 위원으로 위촉될 수 없다.,0,0
공익을 대표하는 위원은 대규모유통업자 또는 납품업자의 임직원이 아니어야 한다.,0,0
공정거래위원회 위원장은 갑 또는 을의 임직원이 공익 위원이 된 경우 즉시 해제해야 한다.,0,0
공익을 대표하는 위원은 갑과 을의 이해관계에서 독립적인 위치에 있어야 한다.,0,0
협의회의 공익 위원은 특정 기업에 영향을 받지 않고 중립적으로 활동해야 한다.,0,0
갑은 공익 위원의 독립성을 보장하기 위해 특정 기업의 임직원을 배제해야 한다.,0,0
공익을 대표하는 위원은 대규모유통업체나 납품업체의 영향력을 받아서는 안 된다.,0,0
공익 위원으로 위촉된 사람이 갑 또는 을의 임직원일 경우 즉시 위촉 해제된다.,0,0
"공익 위원의 선정은 공정성을 유지하며, 갑과 을의 임직원이 포함될 수 없다.",0,0
협의회의 공익 위원은 갑과 을의 입장이 아닌 공정한 시각에서 분쟁을 조정해야 한다.,0,0
갑은 협의회의 전체회의 없이 소회의에서 모든 사항을 결정할 수 있다.,1,22
"을이 분쟁 해결을 위해 협의회의 회의에 참석하려 해도, 갑은 이를 막을 수 있다.",1,22
"협의회의 위원장이 부득이한 사유로 직무를 수행하지 못할 경우, 갑이 직접 위원을 임명할 수 있다.",1,22
갑은 협의회의 내부 규칙을 변경할 때 전체회의를 거치지 않고 단독으로 결정할 수 있다.,1,22
소회의에서 결정된 사항은 전체회의에 보고하지 않아도 된다.,1,22
갑은 협의회의 의결 과정에서 과반수의 찬성을 얻지 않아도 의결을 강행할 수 있다.,1,22
"을은 협의회의 회의에서 발언할 권리가 없으며, 자료를 제출할 수도 없다.",1,22
"협의회의 소회의는 갑이 단독으로 주관할 수 있으며, 공익 위원이 없어도 무방하다.",1,22
갑은 협의회의 절차를 따르지 않고 독단적으로 의사 결정을 내릴 수 있다.,1,22
협의회의 결정 사항은 갑이 필요할 때마다 일방적으로 변경할 수 있다.,1,22
협의회의 회의는 전체회의와 소회의로 구분되어 운영된다.,0,0
전체회의는 협의회의 주요 사항을 심의하고 의결할 권한이 있다.,0,0
"소회의는 공익을 대표하는 위원이 주관하며, 구성위원 전원의 찬성으로 의결된다.",0,0
전체회의는 재적위원 과반수의 출석과 출석위원 과반수의 찬성으로 의결된다.,0,0
"협의회의 위원장이 부득이한 사유로 직무를 수행할 수 없는 경우, 공익을 대표하는 위원이 직무를 대행한다.",0,0
분쟁 당사자인 갑과 을은 협의회의 회의에 출석하여 의견을 진술하고 자료를 제출할 수 있다.,0,0
협의회의 내부 규칙의 제정 및 개정은 전체회의에서 심의·의결된다.,0,0
소회의에서 결정되지 않은 사항은 전체회의에서 최종적으로 처리된다.,0,0
협의회의 절차와 운영 방식은 공정거래위원회의 규정에 따라 진행된다.,0,0
협의회의 결정 사항은 공정성을 유지하기 위해 위원들의 투표로 결정된다.,0,0
갑은 분쟁당사자와 친족관계에 있는 위원을 협의회의 조정에 참여하게 할 수 있다.,1,23
"을이 공정한 조정을 원하더라도, 특정 위원의 기피 신청을 할 수 없다.",1,23
갑은 분쟁당사자와 이해관계가 있는 위원이 조정에 참여해도 문제가 없다고 주장할 수 있다.,1,23
"을이 특정 위원에 대한 기피 신청을 했더라도, 갑은 이를 무시할 수 있다.",1,23
갑은 협의회의 위원이 분쟁당사자의 대리인 역할을 했더라도 그대로 조정에 참여하도록 할 수 있다.,1,23
"을이 기피 신청을 제출하더라도, 갑은 위원장이 이를 받아들이지 못하도록 압력을 가할 수 있다.",1,23
갑은 특정 위원이 자신에게 유리한 결정을 내릴 수 있도록 조정에 계속 참여하게 할 수 있다.,1,23
"을이 기피 신청을 하더라도, 협의회는 기피 절차를 무시하고 조정을 진행할 수 있다.",1,23
갑은 협의회 위원이 분쟁당사자의 법률 자문을 맡고 있어도 그대로 유지할 수 있다.,1,23
을은 특정 위원이 공정하지 않다고 느껴도 조정에서 제외할 권리가 없다.,1,23
협의회의 위원이 분쟁당사자와 친족관계라면 조정에서 제외되어야 한다.,0,0
을은 협의회 위원이 공정한 조정을 수행하기 어렵다고 판단되면 기피 신청을 할 수 있다.,0,0
갑은 특정 위원이 공정성을 해칠 가능성이 있으면 조정에서 제외해야 한다.,0,0
협의회 위원이 분쟁당사자의 법률 자문을 맡고 있다면 조정에서 배제되어야 한다.,0,0
"을이 위원에 대한 기피 신청을 하면, 협의회는 이를 검토해야 한다.",0,0
갑과 을 모두 조정의 공정성을 유지하기 위해 이해관계가 있는 위원을 배제할 수 있다.,0,0
위원장은 기피 신청이 적절한 사유에 해당하면 해당 위원을 조정에서 제외할 수 있다.,0,0
"특정 위원이 분쟁당사자의 대리인이었던 경우, 그는 조정에서 회피해야 한다.",0,0
"기피 신청이 조정 지연 목적이 아닐 경우, 협의회는 이를 신중하게 고려해야 한다.",0,0
협의회의 위원은 공정한 조정을 위해 특정 이해관계가 있으면 조정에서 빠질 수 있다.,0,0
갑은 을과의 분쟁이 발생하더라도 협의회의 조정을 거치지 않고 단독으로 해결할 수 있다.,1,24
"을이 협의회에 조정을 요청하더라도, 갑은 이를 무시할 수 있다.",1,24
협의회는 공정거래위원회가 의뢰하지 않은 사항에 대해서는 조정할 필요가 없다.,1,24
갑은 협의회의 조정 없이 분쟁 당사자에게 불이익을 줄 수 있다.,1,24
"을이 협의회에 조정을 요청하더라도, 갑은 이에 응하지 않을 권리가 있다.",1,24
협의회의 조정 결과는 갑이 필요할 때만 따르면 된다.,1,24
갑은 제5조부터 제18조까지의 분쟁이 발생해도 협의회의 개입을 거부할 수 있다.,1,24
을이 협의회에 신청한 조정은 갑의 동의가 없으면 진행될 수 없다.,1,24
"협의회의 조정은 강제력이 없으므로, 갑은 이를 따르지 않아도 된다.",1,24
갑은 협의회의 조정 사항을 사전에 조정할 필요 없이 일방적으로 결정할 수 있다.,1,24
협의회는 공정거래위원회가 의뢰하거나 분쟁당사자가 신청하는 사항을 조정할 수 있다.,0,0
협의회는 제5조부터 제18조까지의 규정과 관련된 분쟁을 조정해야 한다.,0,0
갑과 을 사이의 분쟁이 발생하면 협의회의 조정을 거칠 수 있다.,0,0
협의회는 공정거래위원회의 의뢰에 따라 특정 분쟁을 심의할 수 있다.,0,0
"을이 협의회에 조정을 요청하면, 갑은 이에 응할 의무가 있다.",0,0
협의회의 조정 결과는 갑과 을 모두에게 적용되어야 한다.,0,0
협의회는 공정거래법에 따라 분쟁 해결을 위한 조정 절차를 수행해야 한다.,0,0
협의회의 조정은 제5조부터 제18조까지의 조항을 준수하는 범위에서 이루어져야 한다.,0,0
갑은 협의회의 조정 결과를 존중하고 공정하게 이행해야 한다.,0,0
"협의회의 조정은 분쟁 해결을 위한 중요한 절차로, 갑과 을 모두 이에 협조해야 한다.",0,0
갑은 을이 협의회에 조정을 신청하더라도 이를 무시할 수 있다.,1,25
을이 협의회에 조정을 신청해도 갑에게 이를 통보할 필요가 없다.,1,25
갑은 공정거래위원회의 조정 의뢰를 거부할 수 있다.,1,25
협의회는 조정 신청이 접수되었더라도 분쟁당사자에게 알리지 않아도 된다.,1,25
갑은 협의회의 조정 절차가 진행 중이더라도 독자적으로 계약을 변경할 수 있다.,1,25
"을이 협의회에 조정을 신청하면, 갑은 이를 이유로 불이익을 줄 수 있다.",1,25
협의회는 조정 신청이 들어와도 즉시 처리하지 않아도 된다.,1,25
갑은 협의회의 조정 절차를 거부할 권리가 있다.,1,25
조정 신청이 철회되거나 각하되어도 시효 중단의 효과는 계속 유지된다.,1,25
협의회의 조정 절차가 끝난 후에도 갑은 을에게 계속해서 불이익을 줄 수 있다.,1,25
을은 제24조의 조정사항과 관련하여 협의회에 서면으로 조정을 신청할 수 있다.,0,0
공정거래위원회는 대규모유통업자와 납품업자 간의 분쟁을 협의회에 의뢰할 수 있다.,0,0
협의회는 조정 신청을 받은 즉시 해당 사항을 분쟁당사자에게 알려야 한다.,0,0
조정 신청이 접수되면 협의회는 신속하게 처리해야 한다.,0,0
갑은 을이 협의회에 조정을 신청했다고 해서 불이익을 줄 수 없다.,0,0
"협의회의 조정 절차가 진행되면, 갑과 을은 공정한 방식으로 조정에 임해야 한다.",0,0
협의회의 조정 절차가 종료되면 시효는 새롭게 진행된다.,0,0
조정이 성립되지 않더라도 협의회는 공정한 조정 절차를 유지해야 한다.,0,0
갑과 을은 협의회의 조정 절차를 성실하게 따를 의무가 있다.,0,0
시효 중단의 효과는 조정 신청이 취하되거나 각하된 경우를 제외하고 인정된다.,0,0
협의회는 조정 신청을 받더라도 즉시 조정 절차를 개시할 필요가 없다.,1,26
갑은 조정 절차가 개시된 후에도 협의회와 협력하지 않아도 된다.,1,26
협의회는 조정을 신청한 을에게만 조정안을 제공하고 갑에게는 알리지 않아도 된다.,1,26
갑은 조정 절차가 진행 중이라도 자료 제출을 거부할 수 있다.,1,26
을이 조정 절차를 진행 중이라도 갑은 이를 이유로 불이익을 줄 수 있다.,1,26
협의회는 조정 신청이 접수되었더라도 분쟁당사자에게 통보하지 않아도 된다.,1,26
갑은 조정 절차 중에도 협의회가 제시한 조정안을 무조건 거부할 수 있다.,1,26
"을이 협의회의 조정안에 동의하더라도, 갑은 따를 필요가 없다.",1,26
조정 절차가 종료된 후에도 협의회는 공정거래위원회에 보고하지 않아도 된다.,1,26
"갑은 조정 신청이 취하되지 않았더라도, 조정 절차를 중단시킬 수 있다.",1,26
협의회는 조정 신청을 받으면 즉시 조정 절차를 개시해야 한다.,0,0
갑과 을은 협의회의 조정 절차에 성실히 협력해야 한다.,0,0
협의회는 조정 신청이 접수되면 이를 신속히 분쟁당사자에게 통보해야 한다.,0,0
협의회는 조정안을 작성하여 갑과 을에게 제시할 수 있다.,0,0
갑과 을은 협의회의 조정 절차에 따라 합의를 시도할 수 있다.,0,0
협의회는 필요하면 조정 사항에 대한 사실 조사를 수행할 수 있다.,0,0
조정 절차가 종료되면 협의회는 공정거래위원회에 관련 자료를 보고해야 한다.,0,0
협의회의 조정안이 갑과 을 모두에게 수락되면 조정이 성립된다.,0,0
공정거래위원회는 조정 절차가 진행되는 동안 시정명령을 내리지 않아야 한다.,0,0
갑은 을과 조정이 이루어졌더라도 조정조서를 작성할 필요가 없다.,1,27
을이 조정조서 작성을 요청하더라도 협의회는 이를 거부할 수 있다.,1,27
갑은 조정조서에 서명하더라도 합의된 사항을 이행하지 않아도 된다.,1,27
협의회는 조정이 성립되었더라도 조정조서를 작성하지 않아도 된다.,1,27
을이 조정조서의 이행 결과를 공정거래위원회에 제출하지 않아도 불이익이 없다.,1,27
갑은 조정이 이루어진 후에도 공정거래위원회의 시정조치를 받을 수 있다.,1,27
조정조서는 법적 효력이 없으므로 갑은 이를 따를 필요가 없다.,1,27
협의회는 분쟁조정이 완료되었어도 조정조서를 작성하지 않을 권리가 있다.,1,27
갑은 조정조서의 내용을 임의로 변경할 수 있다.,1,27
조정조서가 작성되었더라도 갑은 이를 따를 의무가 없다.,1,27
협의회는 조정이 이루어진 경우 조정에 참가한 위원과 분쟁당사자가 서명한 조정조서를 작성해야 한다.,0,0
갑과 을이 분쟁을 스스로 조정하고 조정조서 작성을 요청하면 협의회는 이를 작성해야 한다.,0,0
조정조서가 작성되면 갑과 을은 합의된 사항을 반드시 이행해야 한다.,0,0
을은 조정에서 합의된 사항을 이행한 후 공정거래위원회에 결과를 제출해야 한다.,0,0
공정거래위원회는 조정이 성립된 경우 시정명령이나 시정권고를 내리지 않는다.,0,0
조정조서는 재판상 화해와 동일한 효력을 가지므로 반드시 이행되어야 한다.,0,0
협의회는 조정이 성립되면 조정조서를 작성하고 분쟁당사자가 이를 준수하도록 해야 한다.,0,0
"갑과 을은 조정조서에 기명날인하거나 서명한 후, 이에 따른 의무를 이행해야 한다.",0,0
"조정조서의 내용은 법적 구속력이 있으며, 갑과 을은 이를 준수해야 한다.",0,0
"협의회가 작성한 조정조서는 법적으로 강제력이 있으며, 재판상 화해와 동일한 효력을 가진다.",0,0
협의회의 조직과 운영은 대통령령과 무관하게 갑이 임의로 결정할 수 있다.,1,28
을이 협의회의 조정 절차에 대해 문의해도 명확한 규정이 없어 답변할 필요가 없다.,1,28
협의회는 내부 운영 규정을 마련하지 않고 즉흥적으로 운영될 수 있다.,1,28
갑은 협의회의 조정 절차를 무시하고 자체적인 해결 방안을 강요할 수 있다.,1,28
협의회는 대통령령과 무관하게 임의로 절차를 변경할 수 있다.,1,28
협의회의 조직과 운영 방식이 불명확해도 갑은 이를 따를 의무가 없다.,1,28
을은 협의회의 운영 방식에 대해 이의를 제기할 권리가 없다.,1,28
협의회의 절차는 공식적인 규정 없이 임의적으로 운영될 수 있다.,1,28
갑은 협의회의 조정 절차를 준수하지 않아도 처벌받지 않는다.,1,28
"협의회는 갑이 원하는 방식으로 운영될 수 있으며, 대통령령을 준수할 필요가 없다.",1,28
"협의회의 조직, 운영 및 조정 절차는 대통령령으로 정해야 한다.",0,0
협의회는 제20조부터 제27조까지의 규정을 준수하며 운영되어야 한다.,0,0
협의회의 운영 절차는 공정성을 보장할 수 있도록 대통령령에 따라야 한다.,0,0
갑과 을은 협의회의 조직 및 운영 방식을 대통령령에 따라 존중해야 한다.,0,0
협의회는 내부 운영 규정을 대통령령에 따라 명확하게 수립해야 한다.,0,0
협의회의 조정 절차는 공정거래위원회가 정한 기준과 대통령령을 따라야 한다.,0,0
협의회는 대통령령을 기반으로 공정하고 일관된 절차를 유지해야 한다.,0,0
갑과 을은 협의회의 운영 및 조정 절차가 대통령령에 따라 진행되는지 확인할 권리가 있다.,0,0
"협의회의 절차 변경은 대통령령에 근거해야 하며, 임의적인 변경은 허용되지 않는다.",0,0
협의회는 조정 절차의 공정성을 유지하기 위해 대통령령을 준수해야 한다.,0,0
을이 갑의 위법 행위를 신고하더라도 공정거래위원회는 이를 무시할 수 있다.,1,29
갑은 공정거래위원회의 조사를 거부해도 불이익이 없다.,1,29
공정거래위원회는 갑이 위반 행위를 저질렀더라도 직권 조사를 하지 않아도 된다.,1,29
을이 신고한 사실을 갑에게 반드시 통지해야 하므로 신고는 의미가 없다.,1,29
갑은 공정거래위원회의 조사 결과를 무시해도 법적 제재를 받지 않는다.,1,29
공정거래위원회는 조사가 완료되었더라도 결과를 서면으로 통지할 의무가 없다.,1,29
갑은 공정거래위원회의 시정명령을 거부해도 처벌받지 않는다.,1,29
공정거래위원회는 갑이 증거를 제출하지 않아도 사건을 종결할 수 있다.,1,29
"을이 신고를 취하한 경우라도, 공정거래위원회는 신고 사실을 계속 유지해야 한다.",1,29
갑이 공정거래법을 위반하더라도 신고 절차가 번거로워 신고할 수 없다.,1,29
누구든지 이 법을 위반하는 사실을 발견하면 공정거래위원회에 신고할 수 있다.,0,0
공정거래위원회는 신고가 접수되면 대통령령에 따라 조사를 진행해야 한다.,0,0
공정거래위원회는 직권으로 대규모유통업자의 위반 행위를 조사할 수 있다.,0,0
공정거래위원회는 조사 결과를 서면으로 해당 사건의 당사자에게 통보해야 한다.,0,0
갑과 을은 공정거래위원회의 조사를 성실히 따라야 한다.,0,0
신고된 사실이 무혐의로 판단되면 공정거래위원회는 신고인에게 그 결과를 알릴 수 있다.,0,0
공정거래위원회는 법에 따라 갑의 위반 혐의를 조사할 수 있다.,0,0
"신고된 사항이 조사 절차에 따라 진행되면, 공정거래위원회는 결과를 정리해야 한다.",0,0
갑이 공정거래위원회의 조사 결과를 무시하면 법적 제재를 받을 수 있다.,0,0
공정거래위원회는 정당한 절차에 따라 신고를 처리해야 한다.,0,0
공정거래위원회는 대규모유통업자의 거래 실태를 조사할 필요가 없다.,1,30
갑은 을에게 서면실태조사와 관련된 자료 제출을 거부하도록 강요할 수 있다.,1,30
공정거래위원회는 서면실태조사 결과를 공표하지 않아도 된다.,1,30
갑은 을에게 거짓 자료를 제출하도록 요구할 수 있다.,1,30
공정거래위원회는 서면실태조사 계획을 수립하지 않고 조사할 수 있다.,1,30
갑은 공정거래위원회의 자료 제출 요구를 무시해도 불이익이 없다.,1,30
공정거래위원회는 서면실태조사를 실시하면서 조사대상자의 범위를 임의로 변경할 수 있다.,1,30
을이 자료를 제출하지 않더라도 공정거래위원회는 별다른 조치를 취하지 않는다.,1,30
갑은 공정거래위원회의 서면실태조사 요구에 응하지 않아도 법적 책임이 없다.,1,30
"조사결과 공표 범위는 갑이 결정할 수 있으며, 불리한 내용은 공개하지 않아도 된다.",1,30
공정거래위원회는 대규모유통업자와 납품업자 사이의 거래에 대한 서면실태조사를 실시해야 한다.,0,0
공정거래위원회는 서면실태조사 결과를 공표해야 한다.,0,0
갑과 을은 공정거래위원회의 서면실태조사 요구에 성실히 응해야 한다.,0,0
공정거래위원회는 서면실태조사를 실시할 때 조사 계획을 수립해야 한다.,0,0
갑은 을에게 자료 제출을 방해하거나 거짓 자료를 제출하도록 요구해서는 안 된다.,0,0
서면실태조사를 위한 자료 제출 요구는 서면으로 명확히 전달되어야 한다.,0,0
"공정거래위원회는 서면실태조사의 조사대상자, 조사방법, 조사절차 등을 사전에 정해야 한다.",0,0
갑은 공정거래위원회의 자료 제출 요구를 성실히 이행해야 한다.,0,0
조사 결과의 공표 범위는 대통령령에 따라 결정되어야 한다.,0,0
서면실태조사는 공정한 거래질서 확립을 위해 반드시 시행되어야 한다.,0,0
갑은 계약 체결 후 거래 조건에 대한 구체적인 내용을 별도의 서면으로 제공하지 않을 수 있다.,1,6
"본 계약의 거래 형태는 구체적으로 명시되지 않았으며, 필요 시 갑이 결정하는 대로 진행한다.",1,6
갑은 계약 체결 후 주요 계약 조건을 별도 요청 시에만 서면으로 제공한다.,1,6
"본 계약서에는 일부 거래 조건이 포함되지 않을 수 있으며, 이는 갑의 재량에 따른다.",1,6
거래 조건 변경이 필요한 경우 갑의 구두 통지로 이를 대체할 수 있다.,1,6
계약 체결 즉시 서면 제공 의무는 해당 상황에 따라 유예될 수 있다.,1,6
"거래 형태는 본 계약의 부속 서류에 포함될 수 있으며, 이는 별도로 제공하지 않을 수 있다.",1,6
계약서에 명시된 내용 외의 추가 조건은 갑의 결정에 따라 구두로 전달된다.,1,6
갑은 계약 체결 후 서면으로 제공해야 하는 세부 사항을 별도로 제공하지 않을 권리를 가진다.,1,6
본 계약의 일부 내용은 갑의 재량에 따라 별도의 문서로 제공되지 않을 수 있다.,1,6
갑은 본 계약 체결 시 거래 형태 및 주요 조건을 포함한 서면을 을에게 제공한다.,0,6
본 계약은 대통령령으로 정한 계약 사항이 포함된 서면으로 체결된다.,0,6
갑은 을에게 계약 체결 즉시 거래 조건이 명시된 문서를 교부한다.,0,6
"본 계약의 서면에는 거래 형태와 조건이 명확히 기재되어 있으며, 을에게 제공된다.",0,6
본 계약의 모든 사항은 대통령령에 따라 명시적으로 기재된 문서를 통해 을에게 전달된다.,0,6
갑은 을과 체결한 계약의 주요 내용을 포함한 서면을 계약 체결 시 즉시 교부한다.,0,6
"계약 내용은 서면으로 을에게 제공되며, 이는 전자문서를 포함할 수 있다.",0,6
본 계약의 거래 형태 및 조건은 법률에 따라 을에게 문서 형태로 제공된다.,0,6
갑은 계약 체결과 동시에 을에게 주요 계약 조건을 포함한 서면을 제공한다.,0,6
"거래 조건은 서면 형태로 을에게 교부되며, 대통령령에 따른 모든 사항이 포함된다.",0,6
갑은 납품받은 상품의 대금을 계약 조건과 상관없이 감액할 수 있다,1,7
갑은 상품의 하자가 없는 경우에도 임의로 대금을 감액할 수 있다,1,7
갑은 상품의 일부만 하자가 있는 경우 전체 상품 대금을 감액할 수 있다,1,7
갑은 을의 동의 없이 상품의 경미한 오손을 이유로 대금을 감액할 수 있다,1,7
갑은 감액 사유를 서면으로 통지하지 않고 대금을 즉시 감액할 수 있다,1,7
갑은 신선농산물의 경우 계약 조건에 관계없이 임의로 대금을 삭감할 수 있다,1,7
갑은 납품 계약서를 작성하지 않은 상태에서 대금을 감액할 권리를 가진다,1,7
갑은 감액 기준과 절차를 무시하고 을에게 불리한 대금을 감액할 수 있다,1,7
갑은 납품 상품의 대금을 상품권으로 지급하거나 현물로 지급할 수 있다,1,7
갑은 을과 사전 합의 없이 상품의 경미한 하자를 이유로 대금을 감액할 수 있다,1,7
갑은 을로부터 납품받은 상품의 대금을 계약 조건에 따라 전액 지급한다,0,7
갑은 상품 하자가 확인된 경우에만 합리적인 기간 내 을과 서면 합의 후 감액한다,0,7
갑은 신선농산물의 경우 대통령령으로 정한 기간 내에서만 감액을 진행한다,0,7
갑은 대금 감액이 필요한 경우 을에게 감액 사유를 서면으로 명확히 통지한다,0,7
갑은 을과 서면으로 사전 합의한 조건에 따라 상품대금을 감액할 수 있다,0,7
갑은 납품받은 상품이 계약 조건과 일치하는 경우 대금을 감액하지 아니한다,0,7
갑은 상품 하자가 계약 조건에 따라 입증된 경우에만 감액을 진행한다,0,7
갑은 감액 절차를 진행할 때 을의 동의를 구한 후 서면으로 합의서를 작성한다,0,7
갑은 감액 금액 및 사유를 구체적으로 명시하여 을과 협의 후 감액한다,0,7
갑은 계약 종료 후에도 대금 감액과 관련된 기록을 보존한다,0,7
갑은 특약매입거래로 납품받은 상품을 판매한 경우 월 판매마감일부터 40일 이내에 을에게 판매대금을 지급한다,0,8
갑은 매장임차인의 상품판매대금을 받아 관리하는 경우 월 판매마감일부터 40일 이내에 을에게 지급한다,0,8
갑은 납품업자로부터 위탁받은 상품의 판매대금을 받아 관리하는 경우 월 판매마감일부터 40일 이내에 을에게 지급한다,0,8
갑은 직매입거래로 납품받은 상품의 대금을 상품수령일부터 60일 이내에 지급한다,0,8
갑은 상품판매대금 또는 상품대금을 지급하지 못한 경우 초과 기간에 대해 공정거래위원회가 고시하는 이율에 따라 이자를 지급한다,0,8
갑은 상품판매대금 또는 상품대금을 현금성 결제수단으로 지급하며 상품권이나 물품으로 지급하지 아니한다,0,8
갑은 을과의 계약 조건에 따라 정해진 기한 내에 상품판매대금을 지급한다,0,8
갑은 공정거래위원회가 정한 연체이율을 적용하여 초과 기간에 대해 이자를 지급한다,0,8
갑은 판매대금 지급 시 을에게 명확한 결제 내역을 제공한다,0,8
갑은 납품받은 상품의 대금을 을과 협의된 조건에 따라 적시에 지급한다,0,8
갑은 특약매입거래로 납품받은 상품의 판매대금을 월 판매마감일부터 40일 이내에 지급하지 않을 수 있다,1,8
갑은 상품수령일부터 60일이 초과한 이후에 대금을 지급해도 추가 이자를 지급하지 않을 수 있다,1,8
갑은 상품판매대금이나 상품대금을 현금이 아닌 상품권으로 지급할 수 있다,1,8
갑은 을에게 판매대금을 지급하지 않고 이를 계속 연체할 권리를 가진다,1,8
갑은 정당한 사유 없이 판매대금 지급을 지연할 수 있다,1,8
갑은 을과의 계약 조건과 상관없이 상품판매대금을 지급하지 않을 수 있다,1,8
갑은 판매대금 지급 의무를 다하지 않고 초과 기간에 대한 이자를 면제받을 수 있다,1,8
갑은 을에게 상품대금을 명확히 통지하지 않고 대금을 지급하지 않을 수 있다,1,8
갑은 정해진 기한을 초과하여 상품대금을 지급하더라도 연체에 대한 책임을 지지 않는다,1,8
갑은 상품판매대금과 상품대금을 지급하지 않더라도 을에게 별도의 보상을 제공하지 않는다,1,8
갑은 납품 계약 후 상품 수령을 을에게 사전 통보 없이 지체할 수 있다,1,9
갑은 상품 수령 중 일부만을 선택적으로 거부할 수 있다,1,9
갑은 납품된 상품의 품질에 대한 기준 없이 수령을 거부할 수 있다,1,9
갑은 상품 수령 거부에 대한 구체적인 사유를 을에게 제공하지 않아도 된다,1,9
갑은 납품 후 상품 검수를 이유로 수령 대금을 지체할 수 있다,1,9
갑은 을의 납품 절차와 무관하게 상품 수령을 거부할 수 있다,1,9
갑은 납품 계약에 명시된 수량보다 적은 수량만을 수령할 수 있다,1,9
갑은 사전 협의 없이 을의 상품 납품 일정을 변경할 수 있다,1,9
갑은 납품된 상품의 훼손 여부와 상관없이 수령을 거부할 수 있다,1,9
갑은 을의 요청에도 불구하고 상품 수령 지연에 대한 이유를 설명하지 않아도 된다,1,9
갑은 납품된 상품이 계약 조건에 부합하지 않을 경우 을에게 사유를 고지하고 수령을 거부할 수 있다,0,9
갑은 납품 계약에 명시된 일정과 수량에 따라 상품을 수령한다,0,9
갑은 상품 수령 거부 시 납품된 상품의 문제점을 을에게 서면으로 통보한다,0,9
갑은 납품된 상품이 훼손되었을 경우에 한하여 수령을 거부할 수 있다,0,9
갑은 사전에 을과 협의하여 납품 일정을 조정한다,0,9
갑은 을이 납품한 상품의 품질 기준을 계약서에 명시된 대로 검토한다,0,9
갑은 을과 협의된 납품 조건을 준수하여 상품을 수령한다,0,9
"갑은 을에게 상품 수령 거부 사유를 명확히 전달하며, 관련 절차를 준수한다",0,9
갑은 계약 조건에 따라 납품된 상품을 확인 후 적정 기간 내에 수령한다,0,9
갑은 납품된 상품이 계약 조건과 부합하는 경우 이를 즉시 수령한다,0,9
갑은 정당한 사유 없이 납품받은 상품의 전부 또는 일부를 반품하지 않는다,0,10
갑은 계약체결 시 반품조건을 명시한 서면을 을에게 제공한 경우에만 반품할 수 있다,0,10
갑은 납품받은 상품에 하자가 있는 경우 합리적인 기간 내에 반품을 진행할 수 있다,0,10
갑은 계약한 상품과 다른 상품이 납품된 경우에만 반품을 허용한다,0,10
갑은 반품으로 발생하는 손실을 스스로 부담하고 을의 동의를 받은 경우에만 반품할 수 있다,0,10
갑은 직매입거래 상품의 반품조건을 계약체결 시 서면으로 명확히 약정한 경우에만 반품할 수 있다,0,10
갑은 을이 반품이 자신에게 이익이 된다는 근거자료를 첨부하여 자발적으로 요청한 경우에만 반품을 진행한다,0,10
갑은 대통령령에 따라 가맹점사업자로부터 반품받은 상품을 가맹본부가 납품업자에게 반품할 수 있다,0,10
갑은 신선농산물의 경우 대통령령으로 정한 기간 내에서만 반품할 수 있다,0,10
갑은 계약 내용에 준하는 정당한 사유가 있는 경우에만 반품을 허용한다,0,10
갑은 정당한 사유 없이 을의 동의 없이 상품을 반품할 수 있다,1,10
갑은 계약체결 시 반품조건을 약정하지 않고도 상품을 반품할 수 있다,1,10
갑은 계약된 상품과 일치하더라도 반품을 진행할 수 있다,1,10
갑은 납품받은 상품에 하자가 없는 경우에도 반품을 강요할 수 있다,1,10
갑은 반품으로 인한 손실을 을에게 부담하도록 요구할 수 있다,1,10
갑은 반품조건이 명시된 서면을 제공하지 않고 반품을 요구할 수 있다,1,10
갑은 을의 동의 없이 직매입 상품을 계약 내용과 관계없이 반품할 수 있다,1,10
갑은 반품조건과 상관없이 신선농산물을 대통령령으로 정한 기간을 초과하여 반품할 수 있다,1,10
갑은 계약 내용에 준하지 않은 사유로 을에게 반품을 강요할 수 있다,1,10
갑은 반품 시 을에게 추가적인 비용을 부담하도록 강제할 수 있다,1,10
갑은 판매촉진행사 이전에 을과 서면으로 판매촉진비용의 부담을 약정하지 않고 을에게 부담을 강요할 수 없다,0,11
갑은 판매촉진행사 비용 부담에 관한 약정을 서명 또는 기명날인한 서면으로 을에게 제공한다,0,11
갑은 판매촉진비용의 분담비율을 을과의 예상이익 비율에 따라 합리적으로 정한다,0,11
갑은 판매촉진비용의 분담비율을 100분의 50을 초과하지 않도록 한다,0,11
갑은 을의 요청으로 판매촉진행사를 실시할 경우 을과 협의하여 분담비율을 정한다,0,11
갑은 판매촉진행사에 소요되는 비용을 사전에 서면으로 명확히 약정한다,0,11
갑은 판매촉진행사의 예상이익 비율을 산정할 수 없는 경우 갑과 을의 예상이익을 동일한 비율로 추정한다,0,11
갑은 약정된 분담비율과 상관없이 을에게 추가적인 판매촉진비용을 요구하지 않는다,0,11
갑은 판매촉진비용의 부담에 관한 약정을 을에게 서면으로 제공한 후 협의한다,0,11
갑은 을과 합의된 분담비율에 따라 판매촉진비용을 부담한다,0,11
갑은 서면 약정 없이 판매촉진비용을 을에게 전가할 수 있다,1,11
갑은 예상이익 비율을 무시하고 을에게 판매촉진비용의 대부분을 부담시킬 수 있다,1,11
갑은 판매촉진비용 분담비율을 100분의 50을 초과하도록 설정할 수 있다,1,11
갑은 예상이익 비율과 상관없이 을에게 불리한 조건으로 판매촉진비용을 전가할 수 있다,1,11
갑은 판매촉진행사에 소요되는 모든 비용을 을에게 부담시킬 수 있다,1,11
갑은 서면 약정 없이 을에게 판매촉진행사 비용을 요구할 수 있다,1,11
갑은 판매촉진비용의 분담비율을 을의 동의 없이 임의로 결정할 수 있다,1,11
갑은 판매촉진행사 이후 을에게 소급하여 추가 비용을 부담시킬 수 있다,1,11
갑은 예상이익 비율 산정 없이 을에게 불리한 분담비율을 강요할 수 있다,1,11
갑은 을의 요청 없이 일방적으로 판매촉진행사 비용을 을에게 부담시킬 수 있다,1,11
갑은 을에게 판촉사원을 파견하도록 강요할 수 있다,1,12
갑은 을에게 판촉사원의 인건비를 부담시키도록 요구할 수 있다,1,12
갑은 을에게 사전 합의 없이 판촉사원을 파견하도록 요청할 수 있다,1,12
갑은 을의 동의 없이 판촉사원의 파견 조건을 변경할 수 있다,1,12
갑은 판촉사원의 예상 비용에 대한 근거를 제시하지 않고 을에게 부담을 요구할 수 있다,1,12
갑은 을에게 판촉사원 파견을 거부할 경우 불이익을 제공할 수 있다,1,12
갑은 판촉사원의 파견 서면에 비밀유지 조건을 포함하지 않을 수 있다,1,12
갑은 판촉사원의 비용을 명확히 하지 않고 을에게 부담을 전가할 수 있다,1,12
갑은 을에게 자발적 요청 없이 판촉사원을 제공하도록 요구할 수 있다,1,12
갑은 판촉사원의 전문성 여부와 상관없이 을에게 파견을 강요할 수 있다,1,12
갑은 판촉사원 파견 시 을과 서면으로 사전에 조건을 약정한다,0,12
갑은 판촉사원의 예상 비용과 내역을 서면으로 작성하여 을과 합의한다,0,12
갑은 을의 동의 없이 판촉사원의 파견을 요구하지 않는다,0,12
갑은 판촉사원 파견 시 모든 인건비를 포함한 비용을 부담한다,0,12
갑은 판촉사원 파견 조건에 대해 을과 투명하게 논의한다,0,12
갑은 판촉사원의 전문성과 관련된 서면 자료를 을에게 제공한다,0,12
갑은 을이 자발적으로 요청하지 않은 경우 판촉사원을 파견하지 않는다,0,12
갑은 판촉사원 파견 시 관련된 모든 조건을 명확히 서면에 기록한다,0,12
갑은 을의 동의를 받아 판촉사원 파견에 대한 계약을 체결한다,0,12
갑은 판촉사원의 파견 시 법령에 따라 공정한 절차를 준수한다,0,12
갑은 을에게 다른 사업자와의 거래를 중단하도록 요구할 수 있다,1,13
갑은 을에게 배타적 거래 조건을 명시하지 않고 암묵적으로 강요할 수 있다,1,13
갑은 을의 기존 거래처와의 계약을 중단하지 않으면 불이익을 줄 수 있다,1,13
갑은 을에게 특정 경쟁사와의 거래를 금지하도록 조건을 부과할 수 있다,1,13
갑은 을이 다른 사업자와 거래할 경우 납품 단가를 인하할 수 있다,1,13
갑은 을에게 배타적 거래의 대가로 부당한 요구를 할 수 있다,1,13
갑은 을과의 계약에서 배타적 거래를 하지 않을 경우 계약을 해지할 수 있다,1,13
갑은 을에게 특정 경쟁사 제품을 취급하지 않도록 조건을 부과할 수 있다,1,13
갑은 을이 다른 사업자와의 거래 사실을 보고하지 않으면 불이익을 제공할 수 있다,1,13
갑은 을에게 배타적 거래를 조건으로 추가 비용을 요구할 수 있다,1,13
갑은 을에게 배타적 거래를 강요하지 않으며 자유로운 거래를 보장한다,0,13
갑은 을이 다른 사업자와 거래하는 것을 방해하지 않는다,0,13
갑은 을과의 계약에 배타적 거래 조건을 포함하지 않는다,0,13
갑은 을에게 자유로운 거래를 보장하며 거래 조건을 공정하게 유지한다,0,13
갑은 을이 다른 사업자와의 거래 여부를 이유로 계약 조건을 변경하지 않는다,0,13
갑은 을이 다른 사업자와 거래하는 것을 이유로 불이익을 제공하지 않는다,0,13
갑은 을과의 계약에서 배타적 거래 강요 없이 상호 협력을 촉진한다,0,13
갑은 을이 다른 사업자와 거래하는 것을 이유로 계약을 해지하지 않는다,0,13
갑은 을에게 특정 경쟁사 제품을 취급하지 않을 것을 강요하지 않는다,0,13
갑은 을에게 배타적 거래 여부와 상관없이 공정한 조건으로 계약을 유지한다,0,13
갑은 을에게 다른 사업자와의 공급조건에 관한 정보를 제공하도록 요구할 수 있다,1,14
갑은 을이 입점조건에 대한 정보를 제출하지 않으면 계약을 해지할 수 있다,1,14
갑은 을에게 비밀유지 서면 없이 경영정보를 제출하도록 요구할 수 있다,1,14
갑은 을에게 경영정보 요구 목적을 명시하지 않고 자료를 제출하게 할 수 있다,1,14
갑은 을에게 경영정보 제출을 거부한 경우 불이익을 제공할 수 있다,1,14
갑은 을에게 납품업자의 거래 상대방에 대한 정보를 제공하도록 요구할 수 있다,1,14
갑은 경영정보 요구 시 최소한의 범위를 초과한 자료를 요청할 수 있다,1,14
갑은 서면 없이 을에게 납품업자의 경영정보를 요구할 수 있다,1,14
갑은 을의 의사와 무관하게 경영정보 제출을 강요할 수 있다,1,14
갑은 경영정보 제출을 요구하면서 서면에 비밀유지 조항을 포함하지 않을 수 있다,1,14
갑은 을에게 경영정보를 요구할 경우 목적과 비밀유지 사항을 서면으로 제공한다,0,14
갑은 을의 경영정보를 요구하지 않고 거래 조건을 공정하게 유지한다,0,14
갑은 경영정보 요구 시 필요한 최소한의 범위에서 자료를 요청한다,0,14
갑은 을과의 거래에서 비밀유지 서면 없이 경영정보를 요구하지 않는다,0,14
갑은 을이 경영정보를 제공하지 않더라도 계약 조건에 불이익을 제공하지 않는다,0,14
갑은 경영정보 요구 목적을 명시하고 을의 동의를 얻어 자료를 요청한다,0,14
갑은 서면에 비밀유지 조항을 포함하여 을에게 경영정보를 요구한다,0,14
갑은 을의 거래 상대방에 관한 정보를 요구하지 않는다,0,14
갑은 경영정보 제출 요구 시 을의 권리를 존중하며 공정하게 처리한다,0,14
갑은 경영정보 요구 시 을의 동의 없이는 추가 자료를 요청하지 않는다,0,14
갑은 을과 사전 서면 합의 없이 판매장려금 지급 기준을 변경할 수 있다,1,15
"갑은 을에게 판촉 행사에 참여하도록 강제하고, 관련 비용을 전액 부담하게 할 수 있다",1,15
갑은 을에게 재고 관리 실패를 이유로 추가적인 금전적 부담을 부과할 수 있다,1,15
갑은 을에게 서면 통보 없이 계약 조건을 일방적으로 변경할 수 있다,1,15
갑은 을과의 협의를 거치지 않고 판촉 비용을 을에게 전가할 수 있다,1,15
갑은 을에게 추가 판촉 행사를 강제하고 비용을 부담하도록 할 수 있다,1,15
갑은 을의 동의 없이 납품 단가를 조정할 수 있다,1,15
갑은 을에게 상품 판매 결과와 무관하게 고정된 금액의 손해배상을 요구할 수 있다,1,15
갑은 을에게 거래 실적을 이유로 추가적인 경제적 부담을 부과할 수 있다,1,15
갑은 을에게 판촉 행사를 이유로 판매장려금 지급을 지연할 수 있다,1,15
갑은 을에게 사전 협의를 통해 판촉 행사 비용을 분담하도록 할 수 있다,0,15
갑은 을과의 서면 합의를 통해 판매장려금 비율을 조정할 수 있다,0,15
갑은 을에게 판매장려금 지급 시기와 금액에 대해 사전에 협의해야 한다,0,15
갑은 을과의 계약 조건에 따라 합리적인 범위 내에서 판매장려금을 요구할 수 있다,0,15
갑은 을의 동의를 얻어 판촉 행사에 필요한 재원을 일부 부담할 수 있다,0,15
갑은 을과의 협의를 통해 납품 단가 조정을 요청할 수 있다,0,15
갑은 을에게 서면 통지를 통해 추가 비용 발생 가능성을 사전에 알릴 수 있다,0,15
갑은 을과 서면으로 합의한 경우 판촉 비용의 일부를 분담할 수 있다,0,15
갑은 을의 동의를 얻어 합리적인 범위에서 판촉 행사에 참여할 수 있다,0,15
갑은 을에게 계약 조건 변경 사항을 서면으로 알리고 합의 절차를 거쳐야 한다,0,15
갑은 을에게 통상의 납품 가격보다 현저히 낮은 가격으로 납품하도록 요구할 수 있다,1,17
갑은 을에게 판촉 행사를 이유로 통상의 납품 수량보다 많은 수량을 납품하도록 요구할 수 있다,1,17
갑은 한시적으로 인하된 납품 가격을 정상 가격으로 환원하는 것을 지연할 수 있다,1,17
갑은 을의 의사에 반하여 상품 광고를 시행하도록 요구할 수 있다,1,17
갑은 계약 기간 중 을의 매장 위치를 일방적으로 변경할 수 있다,1,17
갑은 계약 조건을 을과 협의 없이 변경하여 판매장려금 비율을 조정할 수 있다,1,17
갑은 을에게 상품권을 구매하도록 강요할 수 있다,1,17
갑은 을이 퇴점하지 못하도록 방해하거나 다른 점포로의 입점을 강제할 수 있다,1,17
갑은 을의 동의 없이 납품 계약 기간 중 시설 변경을 요구할 수 있다,1,17
갑은 을에게 불리한 계약 조건을 일방적으로 추가할 수 있다,1,17
갑은 납품 가격을 시장의 일반적인 가격 수준에 맞춰 을과 협의하여 결정한다,0,17
갑은 판매촉진행사를 실시할 경우 을과 협의하여 적정한 납품 수량을 결정한다,0,17
갑은 한시적으로 인하된 납품 가격을 약정 기한 이후 정상 가격으로 환원한다,0,17
갑은 을의 동의를 받아 상품 광고를 시행한다,0,17
갑은 계약 기간 동안 을의 매장 위치나 면적을 변경하지 않는다,0,17
갑은 판매장려금 비율 등 계약 조건 변경 시 을과 사전 서면 합의를 거친다,0,17
갑은 을에게 상품권이나 물품 구입을 강요하지 않는다,0,17
갑은 을의 퇴점이나 타 점포 입점과 관련하여 을의 의사를 존중한다,0,17
갑은 시설 변경이 필요할 경우 을과 협의하여 진행한다,0,17
갑은 을과 상호 합의한 계약 조건을 성실히 준수한다,0,17
갑은 을이 분쟁조정을 신청한 것을 이유로 계약 조건을 변경할 수 있다,1,18
갑은 을이 공정거래위원회에 자료를 제출한 것을 이유로 매장 임차 기회를 제한할 수 있다,1,18
갑은 을이 공정거래위원회 조사에 협조한 것을 이유로 불리한 조건을 추가할 수 있다,1,18
갑은 을이 공정거래위원회의 실태조사에 응한 것을 이유로 납품 기회를 박탈할 수 있다,1,18
갑은 을이 신고한 것을 이유로 계약 이행 과정에서 추가적인 불이익을 제공할 수 있다,1,18
갑은 을이 분쟁조정 신청을 한 경우 계약 갱신을 거부할 수 있다,1,18
갑은 을이 공정거래위원회의 조사를 받은 후 이를 이유로 납품 단가를 인하할 수 있다,1,18
갑은 을이 독점규제 및 공정거래에 관한 법률에 따라 협조한 것을 이유로 계약 조건을 일방적으로 변경할 수 있다,1,18
갑은 을이 자료 제출 등의 행위를 한 것을 이유로 매장 면적을 축소할 수 있다,1,18
갑은 을이 공정거래위원회에 신고한 것을 이유로 기존 계약 조건을 해지할 수 있다,1,18
갑은 을이 분쟁조정을 신청한 경우에도 계약 조건을 변경하지 않는다,0,18
갑은 을이 공정거래위원회에 자료를 제출한 경우에도 매장 임차 기회를 제한하지 않는다,0,18
갑은 을이 공정거래위원회 조사에 협조한 경우에도 불리한 조건을 추가하지 않는다,0,18
갑은 을이 공정거래위원회의 실태조사에 응한 경우에도 납품 기회를 박탈하지 않는다,0,18
갑은 을이 신고한 경우에도 계약 이행 과정에서 추가적인 불이익을 제공하지 않는다,0,18
갑은 을이 분쟁조정 신청을 한 경우에도 계약 갱신을 정당하게 진행한다,0,18
갑은 을이 공정거래위원회의 조사를 받은 후 이를 이유로 납품 단가를 인하하지 않는다,0,18
갑은 을이 독점규제 및 공정거래에 관한 법률에 따라 협조한 경우에도 계약 조건을 일방적으로 변경하지 않는다,0,18
갑은 을이 자료 제출 등의 행위를 한 경우에도 매장 면적을 축소하지 않는다,0,18
갑은 을이 공정거래위원회에 신고한 경우에도 기존 계약 조건을 정당하게 유지한다,0,18
갑은 계약 갱신 절차에 대해 구체적인 기준을 명시하지 않고 을과의 협약을 체결할 수 있다,1,19
갑은 계약 갱신 시 을에게 불리한 조건을 추가로 삽입할 수 있다,1,19
갑은 협약 체결 이후 을의 이행 실적에 따라 임의로 계약 조건을 변경할 수 있다,1,19
갑은 을과의 협약 이행 평가를 이유로 추가적인 경제적 부담을 부과할 수 있다,1,19
갑은 협약 이행 평가 결과를 근거로 을에게 불리한 조치를 취할 수 있다,1,19
갑은 협약 체결 후 을의 의사와 무관하게 계약 갱신 여부를 결정할 수 있다,1,19
갑은 을과 협약 체결 시 구체적인 체결 절차를 명시하지 않아도 된다,1,19
갑은 협약 이행 실적을 평가하면서 을에게 사전 통지 없이 조건을 변경할 수 있다,1,19
갑은 협약 체결 이후 을의 이행 실적 평가 기준을 일방적으로 변경할 수 있다,1,19
갑은 협약 이행 결과에 따라 을의 불이익을 정당화할 수 있다,1,19
갑은 계약 갱신 절차와 기준을 을과 사전 합의하여 명확히 규정한다,0,19
갑은 협약 체결 시 을의 의견을 반영하여 공정한 절차를 준수한다,0,19
갑은 을과 체결한 협약의 이행 실적 평가 기준을 사전에 명시한다,0,19
갑은 협약 이행 결과에 따라 을에게 불이익을 제공하지 않는다,0,19
갑은 협약 체결 이후 을과 상호 협력적인 관계를 유지한다,0,19
갑은 을과 협약 이행 평가 절차를 투명하게 운영한다,0,19
갑은 협약 체결 시 을에게 불리하지 않도록 계약 조건을 작성한다,0,19
갑은 협약 이행 실적 평가 결과를 근거로 계약 갱신 여부를 공정하게 결정한다,0,19
갑은 협약 체결 절차에 대해 을에게 충분히 설명한다,0,19
갑은 을의 동의를 받아 협약 체결 후에도 계약 조건 변경을 진행한다,0,19
갑은 을의 분쟁조정 신청을 이유로 계약 조건을 변경할 수 있다,1,20
갑은 공정거래위원회의 조정 절차를 무력화하기 위해 을의 협조를 제한할 수 있다,1,20
갑은 분쟁조정협의회에서 을이 제기한 사항을 이유로 거래 조건을 악화시킬 수 있다,1,20
갑은 분쟁조정협의회에 참여한 을의 의사를 무시하고 일방적으로 계약을 해지할 수 있다,1,20
갑은 협의회 위원 구성에서 을의 이익을 대표하는 위원을 제외할 수 있다,1,20
갑은 분쟁조정 신청 절차를 이유로 을의 거래 기회를 제한할 수 있다,1,20
갑은 협의회 구성원의 공익 대표성을 고려하지 않고 자신에게 유리한 위원을 선임할 수 있다,1,20
갑은 을의 협조 없이 조정 절차를 종료시키기 위해 조치를 취할 수 있다,1,20
갑은 을이 분쟁조정협의회에 제출한 자료를 근거로 불이익을 제공할 수 있다,1,20
갑은 협의회 구성에 필요한 인원을 임의로 변경하여 을의 의견을 배제할 수 있다,1,20
갑은 을이 분쟁조정을 신청한 경우에도 거래 조건을 불리하게 변경하지 않는다,0,20
갑은 공정거래위원회의 조정 절차를 준수하며 을의 협조를 적극적으로 지원한다,0,20
갑은 분쟁조정협의회의 결정 사항을 존중하며 을과 협력한다,0,20
갑은 협의회 위원 구성에서 공익 대표성을 보장한다,0,20
갑은 을의 분쟁조정 절차 참여를 이유로 불이익을 제공하지 않는다,0,20
갑은 협의회에서 공정한 논의가 이루어질 수 있도록 을의 의견을 반영한다,0,20
갑은 을의 협조 없이 조정 절차를 종료시키는 행위를 하지 않는다,0,20
갑은 을이 협의회에 제출한 자료를 이유로 불리한 조치를 취하지 않는다,0,20
갑은 협의회 위원 선임 시 을의 권익을 고려한 절차를 준수한다,0,20
갑은 협의회 구성 및 운영 과정에서 을과의 상호 협력을 유지한다,0,20
갑은 을과 계약 체결 후 서면 없이 상품 제조를 요구할 수 있다,1,6
갑은 을에게 계약 내용을 서면으로 전달하지 않고 주문을 진행할 수 있다,1,6
갑은 서면 계약 없이 을에게 상품 납품을 강요할 수 있다,1,6
갑은 을의 서면 요청을 무시하고 계약을 체결할 수 있다,1,6
갑은 계약 내용을 서면으로 통지하지 않고 구두로만 계약을 진행할 수 있다,1,6
갑은 을과의 계약 사항을 기록하지 않고 보존하지 않을 수 있다,1,6
갑은 을에게 서면 없이 설비 준비를 요구할 수 있다,1,6
갑은 을의 계약 내용 확인 요청을 회신 없이 무시할 수 있다,1,6
갑은 서면 교부 없이 계약을 진행하고 을에게 불이익을 줄 수 있다,1,6
갑은 계약 종료 후 관련 서류를 보존하지 않을 수 있다,1,6
갑은 을과 계약 시 반드시 서면으로 계약 내용을 제공한다,0,6
갑은 을과 계약 체결 즉시 계약 사항이 명시된 서면을 제공한다,0,6
갑은 계약 내용을 서면으로 작성하고 을의 확인을 받는다,0,6
갑은 계약 후 을에게 상품 제조나 설비 준비를 요구하지 않는다,0,6
갑은 계약 내용을 서면으로 통지하고 을과 합의한다,0,6
갑은 을의 요청에 따라 계약 내용을 서면으로 확인시킨다,0,6
갑은 을과의 계약 내용을 5년간 보존한다,0,6
갑은 을에게 서명 또는 기명날인된 계약서를 제공한다,0,6
갑은 계약 내용 확인 요청에 15일 이내 서면으로 회신한다,0,6
갑은 계약 관련 서류를 법적 기준에 따라 보관한다,0,6
갑은 을에게 계약 체결 전에 상품 생산을 시작하도록 요구할 수 있다,1,6
갑은 을의 동의 없이 계약 변경 사항을 서면 없이 통지할 수 있다,1,6
갑은 을에게 계약서 없이 비용 발생을 요구할 수 있다,1,6
갑은 을과 계약 체결 후 서면 없이 계약 조건을 변경할 수 있다,1,6
갑은 을에게 계약 조건을 서면으로 제공하지 않고 구두로만 전달할 수 있다,1,6
갑은 계약 종료 후 관련 서류를 즉시 폐기할 수 있다,1,6
갑은 을의 요청에도 계약 내용을 서면으로 제공하지 않을 수 있다,1,6
갑은 을과의 계약 내용을 구두로만 진행할 수 있다,1,6
갑은 을의 요청 없이 계약서를 일방적으로 수정할 수 있다,1,6
갑은 계약과 관련된 서류를 보존하지 않고 폐기할 수 있다,1,6
갑은 을과 계약 체결 시 모든 계약 내용을 서면으로 명확히 작성한다,0,6
갑은 계약 후 을의 동의 하에 계약 조건을 변경한다,0,6
갑은 계약 체결 즉시 을에게 서면 계약서를 제공한다,0,6
갑은 을의 요청에 따라 계약 내용을 서면으로 보존한다,0,6
갑은 계약 종료 후에도 관련 서류를 5년간 보존한다,0,6
갑은 을과 계약 조건을 서면으로 협의하고 합의 후 진행한다,0,6
갑은 계약 내용을 서명 또는 기명날인하여 을에게 제공한다,0,6
갑은 을의 요청에 따라 계약 조건 변경 시 서면으로 통지한다,0,6
갑은 계약 사항을 법적 기준에 따라 서면으로 보존한다,0,6
갑은 계약 체결 후 을의 동의 없이 조건을 변경하지 않는다,0,6
갑은 을이 납품한 상품의 포장 상태가 경미하게 훼손되었을 경우에도 대금을 10% 감액할 수 있다.,1,7
갑은 특정 판촉행사에 참여하지 않은 을의 납품 상품 대금을 행사 종료 후 20% 감액할 수 있다.,1,7
갑은 판매 부진 상품에 대해서는 사전 통보 없이 납품 대금을 최대 15%까지 감액할 수 있다.,1,7
갑은 상품 납품 후 30일 이내에 품질 문제가 발생하지 않더라도 임의로 대금을 조정할 수 있다.,1,7
갑은 을이 요청한 상품 변경 사항을 반영하지 않았다는 이유로 납품 대금을 감액할 수 있다.,1,7
갑은 일정 기간 동안 판매 실적이 저조한 상품의 대금을 자동으로 감액한다.,1,7
갑은 재고 과잉으로 인해 납품 대금을 계약 후 임의로 조정할 수 있다.,1,7
갑은 을이 제출한 서류 미비를 사유로 납품 대금을 일부 감액할 수 있다.,1,7
갑은 납품 지연이 발생하지 않았더라도 시장 상황 변화로 납품 대금을 감액할 수 있다.,1,7
갑은 을의 동의 없이 판촉 비용 발생을 이유로 납품 대금을 감액할 수 있다.,1,7
갑은 을이 납품한 상품에 하자가 없는 경우에도 대금을 계약한 금액대로 지급한다.,0,7
갑은 납품 상품의 품질 검수 결과 이상이 없는 경우 납품 대금을 전액 지급한다.,0,7
갑은 을과 사전 서면 합의 없이 상품 대금을 감액하지 않는다.,0,7
갑은 계약서에 명시된 대로 납품 대금을 정해진 기한 내에 지급한다.,0,7
갑은 상품 납품 후 별도의 품질 이슈가 없는 한 대금을 변경하지 않는다.,0,7
갑은 을이 납품한 상품의 하자가 없는 경우 감액 사유 없이 전액 지급한다.,0,7
갑은 을과의 협의 없이 일방적으로 납품 대금을 조정하지 않는다.,0,7
갑은 품질 기준을 충족한 상품의 대금을 정해진 기한 내에 지급한다.,0,7
갑은 을이 납품한 상품이 계약 내용과 다르지 않은 경우 대금을 감액하지 않는다.,0,7
갑은 납품 계약에서 정한 대금을 을에게 정확히 지급한다.,0,7
갑은 을이 납품한 상품의 판매 부진을 이유로 상품대금을 감액할 수 있다.,1,7
갑은 특정 기간 내 판매되지 않은 상품에 대해 을의 동의 없이 대금을 감액한다.,1,7
갑은 재고 과잉을 이유로 상품대금을 임의로 감액할 수 있다.,1,7
갑은 을이 제공한 프로모션 지원 미흡을 이유로 상품대금을 감액한다.,1,7
갑은 매출 목표 미달성 시 납품대금을 자동으로 감액할 수 있다.,1,7
갑은 판매기간 경과 상품에 대해 을의 동의 없이 대금을 감액한다.,1,7
갑은 을의 사전 동의 없이 프로모션 실패를 이유로 대금을 감액한다.,1,7
갑은 물류비 증가를 이유로 을의 동의 없이 상품대금을 감액한다.,1,7
갑은 갑의 재정상황 악화를 이유로 납품대금을 감액한다.,1,7
갑은 을이 제공한 상품의 디자인이 시장 트렌드와 다르다는 이유로 대금을 감액한다.,1,7
"갑은 을이 납품한 상품에 하자가 있을 경우, 합리적 기간 내에 대금을 감액할 수 있다.",0,7
"갑은 을이 납품한 상품이 계약한 규격과 다를 경우, 서면 합의 후 대금을 감액할 수 있다.",0,7
갑은 을의 동의 하에 부패 우려가 있는 신선상품의 대금을 감액할 수 있다.,0,7
"갑은 을이 납품한 상품의 하자가 명백할 경우, 서면 통보 후 감액할 수 있다.",0,7
갑은 을과 서면으로 합의한 기준에 따라 품질 문제 발생 시 대금을 감액할 수 있다.,0,7
"갑은 신선농ㆍ수ㆍ축산물의 경우, 검수 과정에서 발견된 하자에 대해 감액할 수 있다.",0,7
갑은 계약서에 명시된 품질 기준 미달 상품에 한해 감액할 수 있다.,0,7
갑은 을과 사전에 합의한 납품 기준을 초과하여 발생한 손해에 대해 감액할 수 있다.,0,7
갑은 을과 서면 합의된 조건에서만 상품대금 감액을 진행할 수 있다.,0,7
"갑은 을의 책임 있는 사유로 상품에 하자가 발생한 경우, 감액할 수 있다.",0,7
갑은 을이 납품한 상품의 판매대금을 월 판매마감일부터 50일 이내에 지급할 수 있다.,1,8
갑은 납품대금을 상품권으로 지급할 수 있다.,1,8
갑은 납품대금을 을의 요청 없이 물품으로 지급할 수 있다.,1,8
갑은 을의 동의 없이 납품대금 지급 기한을 임의로 연장할 수 있다.,1,8
갑은 상품 판매대금 지급을 내부 심사 완료 이후로 미룰 수 있다.,1,8
갑은 을이 제공한 서비스의 질이 기준에 미달할 경우 대금을 지연 지급할 수 있다.,1,8
갑은 을의 요청 없이 판매대금을 현물로 지급할 수 있다.,1,8
갑은 을과의 서면 합의 없이 판매대금 지급 일정을 변경할 수 있다.,1,8
갑은 을이 납품한 상품의 판매대금을 판매 완료 후 90일 이내에 지급할 수 있다.,1,8
갑은 을의 납품 대금을 을의 동의 없이 부분적으로 지급할 수 있다.,1,8
갑은 을이 납품한 상품의 판매대금을 월 판매마감일부터 40일 이내에 지급한다.,0,8
갑은 납품대금을 현금 또는 기업구매 전용카드로 지급한다.,0,8
갑은 직매입거래의 경우 상품수령일부터 60일 이내에 대금을 지급한다.,0,8
갑은 기한 내 대금을 초과 지급할 경우 정해진 이율의 이자를 지급한다.,0,8
갑은 판매대금 및 이자를 현금성 결제수단으로 지급한다.,0,8
갑은 을과 서면 합의한 기한 내에 상품대금을 지급한다.,0,8
갑은 납품대금 지급 기한을 초과할 경우 법정 이자를 추가로 지급한다.,0,8
갑은 판매대금을 물품이나 상품권이 아닌 현금으로 지급한다.,0,8
갑은 판매마감일부터 40일 이내에 을에게 판매대금을 지급한다.,0,8
갑은 을의 요청이 있을 경우 대금 지급 기한을 서면으로 조정할 수 있다.,0,8
갑은 을이 납품한 상품의 판매대금을 월 판매마감일부터 45일 이내에 지급할 수 있다.,1,8
갑은 납품대금을 포인트로 지급할 수 있다.,1,8
갑은 을의 동의 없이 대금 일부를 상품권으로 지급할 수 있다.,1,8
갑은 내부 사정으로 인해 대금 지급을 무기한 연장할 수 있다.,1,8
갑은 을의 계약 이행과 무관하게 대금 지급을 지연할 수 있다.,1,8
갑은 을이 납품한 상품의 판매대금을 상품 검수 후 90일 이내에 지급할 수 있다.,1,8
갑은 을의 요청과 무관하게 납품대금을 차등 지급할 수 있다.,1,8
갑은 을과 사전 협의 없이 납품대금 지급 방식을 변경할 수 있다.,1,8
갑은 을의 납품 상품 판매대금을 판매 후 100일 이내에 지급할 수 있다.,1,8
갑은 을의 납품 대금을 을의 사전 동의 없이 조정할 수 있다.,1,8
갑은 을이 납품한 상품의 판매대금을 월 판매마감일부터 40일 이내에 정확히 지급한다.,0,8
갑은 납품대금을 현금 또는 기업구매 전용카드로 정확히 지급한다.,0,8
갑은 직매입거래의 경우 상품수령일부터 60일 이내에 정확히 대금을 지급한다.,0,8
갑은 정해진 기한 내 대금을 초과 지급할 경우 법정 이자를 지급한다.,0,8
갑은 을과 서면 합의한 기한 내에 상품대금을 정확히 지급한다.,0,8
갑은 판매마감일부터 40일 이내에 을에게 판매대금을 정확히 지급한다.,0,8
갑은 을의 납품 상품이 계약과 다르지 않더라도 임의로 수령을 거부할 수 있다.,1,9
갑은 을과의 협의 없이 납품 일정을 일방적으로 변경할 수 있다.,1,9
갑은 을의 납품 상품에 대해 별도의 통보 없이 수령을 거부할 수 있다.,1,9
갑은 을의 납품 상품을 검수 결과와 관계없이 수령을 지연할 수 있다.,1,9
갑은 을이 납품한 상품을 임의로 반품하거나 수령을 거부할 수 있다.,1,9
갑은 납품 상품에 대한 합리적 사유 없이 수령을 거부하거나 지연할 수 있다.,1,9
갑은 계약과 다른 기준을 적용하여 을의 납품 상품 수령을 지연할 수 있다.,1,9
갑은 납품 일정과 무관하게 을의 납품 상품을 거부할 수 있다.,1,9
갑은 을의 납품 상품을 검수 명목으로 무기한 수령을 지연할 수 있다.,1,9
갑은 을과의 계약 조건과 상관없이 납품을 임의로 거부할 수 있다.,1,9
갑은 을의 납품 상품을 계약한 일정에 맞춰 신속히 수령한다.,0,9
갑은 을의 납품 상품 수령을 정당한 사유 없이 거부하지 않는다.,0,9
갑은 납품 일정에 따라 을의 상품을 성실히 수령한다.,0,9
갑은 을의 납품 상품에 대해 정해진 기준에 따라 검수한다.,0,9
갑은 납품된 상품을 합리적인 사유 없이 반품하거나 수령을 지연하지 않는다.,0,9
갑은 을의 납품 상품을 정해진 기간 내에 수령하고 검수한다.,0,9
갑은 을과 협의한 일정에 따라 납품 수령을 진행한다.,0,9
갑은 을의 납품 상품을 검수 기준에 따라 공정하게 수령한다.,0,9
갑은 정당한 사유 없이 납품 수령을 지연하거나 거부하지 않는다.,0,9
갑은 계약 조건에 맞게 을의 상품을 적시에 수령한다.,0,9
갑은 을의 납품 상품이 품질에 문제가 없더라도 수령을 거부할 수 있다.,1,9
갑은 을의 납품 상품을 이유 없이 일정 기간 동안 수령하지 않을 수 있다.,1,9
갑은 을의 납품 상품을 계약 외의 기준으로 수령을 지연할 수 있다.,1,9
갑은 별도의 사전 통보 없이 을의 납품을 임의로 지연할 수 있다.,1,9
갑은 납품 조건을 충족했더라도 을의 상품을 수령하지 않을 수 있다.,1,9
갑은 을의 납품 일정에 상관없이 상품 수령을 거부할 수 있다.,1,9
갑은 납품 상품의 수령을 을과의 사전 협의 없이 일방적으로 연기할 수 있다.,1,9
갑은 을의 납품 상품 검수 결과와 무관하게 수령을 거부할 수 있다.,1,9
갑은 을의 상품 수령을 계약서에 명시되지 않은 사유로 지연할 수 있다.,1,9
갑은 을의 납품 상품을 임의로 일정 기간 동안 보관하며 수령을 미룰 수 있다.,1,9
갑은 을의 납품 상품을 계약한 일정에 맞춰 정확히 수령한다.,0,9
갑은 을의 납품 상품을 합리적인 사유 없이 거부하거나 지체하지 않는다.,0,9
갑은 계약된 납품 일정을 준수하여 상품을 수령한다.,0,9
갑은 을의 납품 상품을 공정한 기준에 따라 검수 후 수령한다.,0,9
갑은 을과 협의한 일정에 따라 납품 상품을 신속히 수령한다.,0,9
갑은 정당한 사유 없이 을의 납품을 거부하거나 지연하지 않는다.,0,9
갑은 계약 조건에 맞게 을의 상품을 적시에 수령하고 검수한다.,0,9
갑은 납품된 상품을 합리적인 절차에 따라 검수하고 수령한다.,0,9
갑은 을의 납품 상품에 대한 수령 절차를 성실히 이행한다.,0,9
갑은 납품 상품 수령에 관한 계약 조건을 철저히 준수한다.,0,9
갑은 을의 납품 상품이 품질에 문제가 없더라도 반품할 수 있다.,1,10
갑은 을의 납품 상품을 사전 협의 없이 임의로 반품할 수 있다.,1,10
갑은 정당한 사유 없이 납품된 상품을 반환할 수 있다.,1,10
갑은 납품 후 일정 기간이 지나도 을의 동의 없이 반품할 수 있다.,1,10
갑은 판매 부진을 이유로 납품 상품을 반품할 수 있다.,1,10
갑은 납품 계약 조건에 명시되지 않은 사유로 상품을 반품할 수 있다.,1,10
갑은 상품의 판매 기간이 끝난 후 잔여 상품을 을의 동의 없이 반품할 수 있다.,1,10
갑은 재고 과잉을 이유로 납품 상품을 반품할 수 있다.,1,10
갑은 을과 사전 협의 없이 계약 외 조건으로 납품 상품을 반품할 수 있다.,1,10
갑은 반품 조건을 사전에 명시하지 않고 납품 상품을 반품할 수 있다.,1,10
갑은 계약된 조건에 따라 납품 상품을 반품하지 않는다.,0,10
갑은 납품 상품의 하자 여부가 명확할 때만 을의 동의하에 반품한다.,0,10
갑은 납품 상품 반품 시 사전에 을과 서면으로 합의한다.,0,10
갑은 판매 부진과 관계없이 계약된 상품을 반품하지 않는다.,0,10
갑은 계약서에 명시된 조건에 부합하지 않는 한 반품하지 않는다.,0,10
갑은 을과의 계약에 따라 정당한 사유가 있을 때만 반품한다.,0,10
갑은 납품 상품의 품질 검수 후 하자가 있을 때만 반품한다.,0,10
갑은 계약서에 반품 조건을 명시하고 그에 따라 반품한다.,0,10
갑은 을의 동의 없이 납품 상품을 반품하지 않는다.,0,10
갑은 계약된 반품 조건과 절차를 철저히 준수한다.,0,10
갑은 을의 납품 상품이 판매 부진을 이유로 반품할 수 있다.,1,10
갑은 계약에 명시되지 않은 사유로 을의 상품을 반품할 수 있다.,1,10
갑은 납품 상품의 유통기한 임박을 이유로 사전 협의 없이 반품할 수 있다.,1,10
갑은 을과 협의 없이 일방적으로 납품 상품을 반품할 수 있다.,1,10
갑은 상품 진열 공간 부족을 이유로 납품 상품을 반품할 수 있다.,1,10
갑은 을의 동의 없이 납품된 상품의 일부만 선택적으로 반품할 수 있다.,1,10
갑은 을과 사전 협의 없이 판매되지 않은 상품을 전량 반품할 수 있다.,1,10
갑은 계약서에 반품 조건을 명시하지 않고 임의로 반품할 수 있다.,1,10
갑은 재고 회전을 이유로 납품 상품을 반품할 수 있다.,1,10
갑은 을의 동의 없이 잔여 상품을 반품할 수 있다.,1,10
갑은 납품 상품의 하자가 있을 경우 을과 협의 후 반품한다.,0,10
갑은 반품 조건을 계약서에 명확히 명시하고 그에 따라 반품한다.,0,10
갑은 납품 상품이 계약 조건과 다를 경우에만 반품한다.,0,10
갑은 반품 전 을과 서면 합의를 거친 후 반품한다.,0,10
갑은 판매 부진을 이유로 반품하지 않는다.,0,10
갑은 을의 동의 없이 상품을 반품하지 않는다.,0,10
갑은 정당한 사유 없이 납품 상품을 반품하지 않는다.,0,10
갑은 계약 조건에 따라 반품 여부를 결정한다.,0,10
갑은 계약에 명시된 반품 조건을 준수한다.,0,10
갑은 을의 요청이 있을 때만 납품 상품을 반품한다.,0,10
갑은 을에게 사전 동의 없이 판매촉진비용을 일방적으로 부담시킬 수 있다.,1,11
갑은 판매촉진행사 진행 후 비용 분담을 일방적으로 결정할 수 있다.,1,11
갑은 을에게 예상 이익과 관계없이 판매촉진비용 전액을 부담하도록 요구할 수 있다.,1,11
갑은 을과 서면 합의 없이 판매촉진비용을 청구할 수 있다.,1,11
갑은 을의 동의 없이 판매촉진행사를 진행하고 비용을 청구할 수 있다.,1,11
갑은 예상 이익과 무관하게 을에게 60% 이상의 판매촉진비용을 부담시킬 수 있다.,1,11
갑은 을에게 비용 부담 내역을 제공하지 않고 비용을 청구할 수 있다.,1,11
갑은 을이 동의하지 않은 판촉 행사 비용도 부담하게 할 수 있다.,1,11
갑은 을의 자발적 요청 없이 판촉행사를 진행하고 비용을 부과할 수 있다.,1,11
갑은 판촉행사 종료 후 을에게 소급하여 비용을 청구할 수 있다.,1,11
갑은 을과 서면 합의를 통해 판매촉진비용을 분담한다.,0,11
갑은 예상 이익에 따라 을과 판매촉진비용을 협의 후 분담한다.,0,11
갑은 을의 동의 없이는 판매촉진비용을 청구하지 않는다.,0,11
갑은 판촉행사 전 을과 서면으로 비용 분담을 약정한다.,0,11
갑은 을과 예상 이익을 고려하여 판매촉진비용을 결정한다.,0,11
갑은 을이 자발적으로 요청한 경우에만 추가 판촉비용을 부담하도록 한다.,0,11
갑은 을과 협의한 내용에 따라 판촉비용을 공정하게 분담한다.,0,11
갑은 판촉행사 비용 분담 비율이 50%를 초과하지 않도록 한다.,0,11
갑은 을에게 판촉행사 계획과 비용 내역을 사전에 제공한다.,0,11
갑은 판촉비용 분담을 사전에 을과 명확히 약정한다.,0,11
갑은 을의 동의 없이 판촉비용을 일방적으로 조정할 수 있다.,1,11
갑은 을에게 판촉비용 청구에 대한 사전 통지를 하지 않을 수 있다.,1,11
갑은 판촉행사 종료 후 을에게 추가 비용을 부과할 수 있다.,1,11
갑은 을의 예상 이익을 고려하지 않고 판촉비용을 일방적으로 정할 수 있다.,1,11
갑은 판촉비용의 70%를 을에게 부담하도록 요구할 수 있다.,1,11
갑은 서면 합의 없이 판촉비용을 부담하도록 할 수 있다.,1,11
갑은 판촉비용 내역을 을에게 제공하지 않고 청구할 수 있다.,1,11
갑은 판촉행사에 대한 을의 동의 없이 비용을 부담시키는 것이 가능하다.,1,11
갑은 판촉비용을 예상 이익과 상관없이 을에게 전가할 수 있다.,1,11
갑은 을의 동의 없이 판촉행사 참여를 강제하고 비용을 부담시킬 수 있다.,1,11
갑은 판촉행사 전 을과 서면으로 비용 분담을 확정한다.,0,11
갑은 을의 동의 없이 판촉비용을 청구하지 않는다.,0,11
갑은 을과 예상 이익을 고려하여 판촉비용을 협의한다.,0,11
갑은 판촉비용 분담 비율이 50%를 초과하지 않도록 유지한다.,0,11
갑은 을의 자발적 요청에 한해 추가 판촉비용을 부담하도록 한다.,0,11
갑은 을과의 협의를 통해 판촉비용을 공정하게 분담한다.,0,11
갑은 판촉행사 계획과 비용 내역을 을에게 사전에 제공한다.,0,11
갑은 을과 서면으로 판촉비용 분담 약정을 체결한다.,0,11
갑은 예상 이익을 기준으로 을과 판촉비용을 조율한다.,0,11
갑은 판촉비용의 부담을 을의 동의 하에 진행한다.,0,11
갑은 을에게 판촉사원 파견을 강요하고 비용을 을에게 부담하도록 한다.,1,12
갑은 을의 동의 없이 종업원을 파견하도록 요구할 수 있다.,1,12
갑은 을에게 종업원 인건비 전액을 부담하도록 강요할 수 있다.,1,12
갑은 을의 자발적 요청 없이 종업원 파견을 진행할 수 있다.,1,12
갑은 납품업자의 사전 서면 동의 없이 종업원 파견 조건을 변경할 수 있다.,1,12
갑은 을에게 고용된 인력의 업무를 자기 사업장의 업무로 전환할 수 있다.,1,12
갑은 을에게 종업원 파견 후 추가 인건비를 청구할 수 있다.,1,12
갑은 을이 동의하지 않은 조건으로 종업원을 장기간 파견하도록 할 수 있다.,1,12
갑은 을과 사전 협의 없이 종업원의 근무 장소를 변경할 수 있다.,1,12
갑은 을에게 파견된 종업원의 업무 외 업무를 지시할 수 있다.,1,12
갑은 을과 사전 서면 합의 후 종업원 파견을 요청한다.,0,12
갑은 종업원 파견 시 모든 인건비를 부담한다.,0,12
갑은 을이 자발적으로 요청한 경우에만 종업원을 파견받는다.,0,12
갑은 을과 서면 합의 후 종업원 파견 조건을 명확히 약정한다.,0,12
갑은 숙련된 종업원의 파견 시 관련 비용을 전액 부담한다.,0,12
갑은 을과 협의 후 파견 종업원의 업무를 조정한다.,0,12
갑은 을에게 종업원 파견 요청 시 구체적인 비용 내역을 제공한다.,0,12
갑은 을의 서면 동의 없이 종업원 인건비를 청구하지 않는다.,0,12
갑은 종업원 파견 시 예상 이익과 비용을 을과 협의 후 결정한다.,0,12
갑은 을의 자발적 요청에 따라만 종업원을 파견한다.,0,12
갑은 을의 동의 없이 종업원을 판촉 행사에 파견하도록 요구할 수 있다.,1,12
갑은 을의 종업원을 별도의 계약 없이 장기간 근무하게 할 수 있다.,1,12
갑은 을에게 판촉 사원 인건비 전액을 부담하도록 강제할 수 있다.,1,12
갑은 을의 종업원을 사전 협의 없이 타 매장으로 전근시킬 수 있다.,1,12
갑은 을의 종업원에게 판매 외 업무를 강요할 수 있다.,1,12
갑은 을의 종업원 근무 조건을 일방적으로 변경할 수 있다.,1,12
갑은 을의 종업원에게 연장 근무를 지시하고 추가 비용을 지급하지 않는다.,1,12
갑은 을에게 계약 외 업무를 위해 종업원 파견을 요구할 수 있다.,1,12
갑은 을의 종업원 인력 운영을 간섭할 수 있다.,1,12
갑은 을의 종업원 파견을 사전 고지 없이 요구할 수 있다.,1,12
갑은 을과 서면 계약을 통해 종업원 파견 조건을 명확히 약정한다.,0,12
갑은 을의 요청에 의해 종업원을 판촉 업무에 한정하여 사용한다.,0,12
갑은 을과 사전 서면 합의를 통해 종업원 파견을 진행한다.,0,12
갑은 을이 제공한 서면 자료에 따라 종업원 파견 요청을 수락한다.,0,12
갑은 종업원의 인건비와 관련 비용을 직접 부담한다.,0,12
갑은 을의 종업원에게 판매 및 관리 업무 외의 업무를 지시하지 않는다.,0,12
갑은 을과 협의한 범위 내에서만 종업원을 사용한다.,0,12
갑은 을의 종업원 파견 시 모든 비용을 명확히 분담한다.,0,12
갑은 을의 자발적 요청이 있을 경우에만 종업원을 사용한다.,0,12
갑은 종업원 파견과 관련된 사항을 서면으로 명확히 규정한다.,0,12
갑은 을에게 다른 유통업체와 거래하지 않도록 강요할 수 있다.,1,13
갑은 을에게 특정 브랜드 제품만 납품하도록 요구할 수 있다.,1,13
갑은 을이 경쟁사와 거래를 중단하도록 압박할 수 있다.,1,13
갑은 을이 자사와만 독점 계약을 체결하도록 요구할 수 있다.,1,13
갑은 을이 경쟁사와 협력 시 불이익을 주겠다고 통보할 수 있다.,1,13
갑은 을이 다른 유통업체에 제품을 공급하지 못하도록 계약할 수 있다.,1,13
갑은 을에게 자사 전용 제품 생산을 강요할 수 있다.,1,13
갑은 을이 타사와의 거래 정보를 보고하도록 요구할 수 있다.,1,13
갑은 을이 경쟁사 제품을 판매하지 못하도록 조건을 걸 수 있다.,1,13
갑은 을이 다른 업체와 공동 마케팅을 진행하지 못하게 할 수 있다.,1,13
갑은 을과의 계약에서 거래 자유를 보장한다.,0,13
갑은 을이 다른 유통업체와 자유롭게 거래할 수 있도록 한다.,0,13
갑은 을에게 특정 브랜드나 제품 판매를 강요하지 않는다.,0,13
갑은 을과의 계약에 경쟁사와의 거래 제한을 두지 않는다.,0,13
갑은 을의 자율적인 거래 결정을 존중한다.,0,13
갑은 을이 다른 업체와 협력할 권리를 보장한다.,0,13
갑은 을에게 특정 제품 생산을 강요하지 않는다.,0,13
갑은 을의 독립적 사업 운영을 지원한다.,0,13
갑은 을의 거래처를 제한하거나 간섭하지 않는다.,0,13
갑은 을과 공정하고 투명한 거래 관계를 유지한다.,0,13
갑은 을이 자사 제품을 우선적으로 공급하도록 강요할 수 있다.,1,13
갑은 을에게 경쟁사와 거래 시 불이익을 주겠다고 명시할 수 있다.,1,13
갑은 을이 특정 유통 채널을 통해서만 제품을 판매하도록 제한할 수 있다.,1,13
갑은 을이 다른 브랜드와 협력하지 못하도록 계약할 수 있다.,1,13
갑은 을에게 경쟁사 제품의 정보를 제출하도록 요구할 수 있다.,1,13
갑은 을이 특정 지역에만 제품을 납품하도록 제한할 수 있다.,1,13
갑은 을이 경쟁사와의 계약을 해지하도록 압박할 수 있다.,1,13
갑은 을이 자사 외 제품을 생산하지 못하도록 조건을 걸 수 있다.,1,13
갑은 을의 판매 채널을 특정 브랜드로만 한정하도록 강요할 수 있다.,1,13
갑은 을에게 자사 제품만을 진열하도록 지시할 수 있다.,1,13
갑은 을의 자유로운 거래를 보장한다.,0,13
갑은 을이 경쟁사와 자유롭게 거래할 수 있도록 허용한다.,0,13
갑은 을이 다양한 브랜드 제품을 판매하도록 허용한다.,0,13
갑은 을이 독립적으로 판매 전략을 수립하도록 보장한다.,0,13
갑은 을의 타 브랜드와의 거래를 방해하지 않는다.,0,13
갑은 을의 자율적인 사업 운영을 존중한다.,0,13
갑은 을이 특정 브랜드에 종속되지 않도록 보장한다.,0,13
갑은 을과의 계약에서 경쟁사와의 거래 제한을 두지 않는다.,0,13
갑은 을이 다양한 유통 채널을 이용할 수 있도록 지원한다.,0,13
갑은 을과 공정하고 자유로운 거래 관계를 유지한다.,0,13
갑은 을에게 경쟁사와의 계약 조건을 상세히 보고하도록 요구할 수 있다.,1,14
갑은 을에게 다른 거래처의 공급가격 정보를 제공하도록 요청할 수 있다.,1,14
갑은 을에게 다른 유통업체의 거래조건을 제출하도록 강요할 수 있다.,1,14
갑은 을에게 경쟁사 입점 조건을 보고하도록 요구할 수 있다.,1,14
갑은 을의 거래처 리스트를 제출하도록 의무화할 수 있다.,1,14
갑은 을에게 경쟁업체의 판매 전략을 보고하도록 요구할 수 있다.,1,14
갑은 을에게 다른 업체의 마케팅 전략 자료를 요청할 수 있다.,1,14
갑은 을이 거래 중인 업체의 공급 계약서를 제출하도록 요구할 수 있다.,1,14
갑은 을에게 경쟁업체의 납품 단가를 공개하도록 강요할 수 있다.,1,14
갑은 을에게 시장 점유율 자료를 필수로 제출하도록 요구할 수 있다.,1,14
갑은 을에게 요구 목적과 비밀유지 사항을 포함한 서면을 제공한 후 필요한 정보를 요청한다.,0,14
갑은 을의 동의 없이 어떠한 경영정보도 요구하지 않는다.,0,14
갑은 을에게 제공받은 정보를 제3자에게 공유하지 않는다.,0,14
갑은 서면으로 정보 제공 목적을 명확히 하고 을의 동의를 얻는다.,0,14
갑은 을에게 경영정보 요구 시 최소한의 범위 내에서 요청한다.,0,14
갑은 을의 경쟁사 정보 제공을 강요하지 않는다.,0,14
갑은 을과 상호 동의하에 필요한 정보만을 제공받는다.,0,14
갑은 을에게 비밀유지 서약서를 작성한 후 경영정보를 요청한다.,0,14
갑은 을이 거부할 권리가 있는 정보를 강제하지 않는다.,0,14
갑은 을이 자발적으로 제공한 정보 외에는 요청하지 않는다.,0,14
갑은 을에게 타사와의 공급계약 내역을 제출하도록 지시할 수 있다.,1,14
갑은 을에게 경쟁사의 납품가격 변동 정보를 주기적으로 보고하도록 요구할 수 있다.,1,14
갑은 을의 타 업체 거래 조건을 사전에 검토하도록 강요할 수 있다.,1,14
갑은 을에게 다른 유통업체의 할인 정책을 공유하도록 요구할 수 있다.,1,14
갑은 을의 다른 거래처와의 계약 조건을 확인하기 위해 계약서 사본을 요구할 수 있다.,1,14
갑은 을에게 경쟁사 제품의 유통경로를 분석해 보고하도록 강제할 수 있다.,1,14
갑은 을의 다른 납품업체와의 거래 조건을 상세히 보고하도록 강요할 수 있다.,1,14
갑은 을에게 경쟁사의 마케팅 전략 자료를 제출하도록 강제할 수 있다.,1,14
갑은 을에게 경쟁업체의 할인율 정보를 수집해오도록 지시할 수 있다.,1,14
갑은 을이 다른 유통업체와의 협의 내용을 정기적으로 보고하도록 요구할 수 있다.,1,14
갑은 을에게 경영정보 제공 요청 시 목적과 비밀유지 사항을 서면으로 제공한다.,0,14
갑은 을에게 요청한 정보가 법적 범위 내에서 필요한 경우에만 요구한다.,0,14
갑은 을과 합의된 범위 내에서만 경영정보를 요청한다.,0,14
갑은 을에게 자발적으로 제공하는 정보 외에는 강제하지 않는다.,0,14
갑은 경영정보 요구 시 최소한의 범위로 제한하여 요청한다.,0,14
갑은 을의 동의 없이는 경쟁사 정보나 거래조건을 요구하지 않는다.,0,14
갑은 을에게 제공받은 정보를 철저히 보호하고 외부에 공개하지 않는다.,0,14
갑은 을의 경영정보 제공에 대한 의무를 부여하지 않는다.,0,14
갑은 서면 동의 없이 어떠한 경영정보도 요구하지 않는다.,0,14
갑은 을이 거부할 수 있는 권리를 존중하며 정보 제공을 요청한다.,0,14
갑은 을에게 추가 비용 부담 없이 행사 경품을 직접 제공하도록 요구할 수 있다.,1,15
갑은 을에게 매장 리모델링 비용의 일부를 부담하도록 강요할 수 있다.,1,15
갑은 을에게 정당한 사유 없이 판촉 행사 비용 전액을 부담하도록 할 수 있다.,1,15
갑은 을에게 신규 매장 입점을 위해 추가 물품을 무상으로 제공하도록 요구할 수 있다.,1,15
갑은 을에게 명절 선물 제공을 명목으로 금전을 요구할 수 있다.,1,15
갑은 을에게 본사의 사무실 운영비 일부를 지원하도록 요청할 수 있다.,1,15
갑은 을에게 판촉행사와 무관한 비용을 부담하도록 강요할 수 있다.,1,15
갑은 을에게 특정 협력업체를 통한 물품 구매를 강요할 수 있다.,1,15
갑은 을에게 판촉행사 참여 조건으로 현금성 물품을 제공하도록 요구할 수 있다.,1,15
갑은 을에게 본사 직원의 출장비를 대신 부담하도록 강요할 수 있다.,1,15
갑은 을과 사전에 서면으로 합의된 범위 내에서 판매장려금을 약정한다.,0,15
갑은 을에게 판매장려금의 지급 목적과 금액을 명확히 하고 이를 서면으로 작성한다.,0,15
갑은 을의 동의 없이 경제적 이익을 요구하지 않는다.,0,15
갑은 을과 합의된 조건에 따라 합리적인 범위에서 판매장려금을 받는다.,0,15
갑은 을에게 판매장려금 외의 경제적 이익을 요구하지 않는다.,0,15
갑은 을에게 판촉행사 비용을 자발적 동의 없이 전가하지 않는다.,0,15
갑은 을과 서면 계약에 따라 판매장려금의 지급 시기와 방법을 명확히 한다.,0,15
갑은 을에게 정당한 사유 없이 추가 비용을 요구하지 않는다.,0,15
갑은 을의 자발적인 동의 없이 경제적 부담을 전가하지 않는다.,0,15
갑은 을에게 경제적 이익 제공 요구 시 목적과 금액을 명확히 한다.,0,15
갑은 을에게 본사 행사 운영비 전액을 지원하도록 요구할 수 있다.,1,15
갑은 을에게 입점 계약 조건으로 무상 제품을 정기적으로 제공하도록 강요할 수 있다.,1,15
갑은 을에게 직원 복리후생비용 일부를 부담하도록 요구할 수 있다.,1,15
갑은 을에게 신규 매장 오픈 비용을 전액 부담하도록 강요할 수 있다.,1,15
갑은 을에게 브랜드 홍보를 위한 광고비를 전액 부담하도록 요구할 수 있다.,1,15
갑은 을에게 명절 선물세트 구매를 강제할 수 있다.,1,15
갑은 을에게 특정 협력업체를 이용한 인테리어 시공을 강요할 수 있다.,1,15
갑은 을에게 물류비용의 전액을 부담하도록 일방적으로 요구할 수 있다.,1,15
갑은 을에게 사내행사 경품을 무상으로 제공하도록 강요할 수 있다.,1,15
갑은 을에게 본사의 비품 구입비용을 부담하도록 요구할 수 있다.,1,15
갑은 을과 서면 계약을 통해 판매장려금의 지급 목적과 금액을 명확히 약정한다.,0,15
갑은 을의 자발적 동의 없이 부당한 경제적 부담을 전가하지 않는다.,0,15
갑은 을과 합의한 범위 내에서만 판매장려금을 요구한다.,0,15
갑은 을에게 판매장려금 요구 시 목적과 금액을 서면으로 고지한다.,0,15
갑은 을과의 합의 없이 판촉행사 비용을 전가하지 않는다.,0,15
갑은 을과 합의한 범위 내에서 합리적인 비용 분담을 진행한다.,0,15
갑은 을의 자발적인 참여가 있을 때만 판촉행사 비용을 분담하도록 한다.,0,15
갑은 을과의 서면 합의에 따라 경제적 이익 제공을 요구한다.,0,15
갑은 판매장려금 비율을 거래 분야의 합리적 기준에 따라 정한다.,0,15
갑은 판매장려금과 관련된 모든 사항을 을과 서면으로 명확히 약정한다.,0,15
갑은 매장 리뉴얼 시 을에게 전체 공사비를 부담하도록 요구할 수 있다.,1,16
갑은 매장 위치 변경 시 을에게 이전 비용 전액을 부담하게 할 수 있다.,1,16
갑은 을에게 매장 내부 인테리어 변경 비용을 사전 동의 없이 전가할 수 있다.,1,16
갑은 매장 면적 축소 시 발생하는 손해를 을이 전적으로 부담하도록 할 수 있다.,1,16
갑은 매장 시설물 교체 시 을에게 전액 비용을 부담시키도록 할 수 있다.,1,16
갑은 을의 동의 없이 매장 시설 변경 후 비용을 청구할 수 있다.,1,16
갑은 을에게 매장 철거 비용 전액을 부담하도록 요구할 수 있다.,1,16
갑은 을에게 매장 면적 확장에 따른 비용을 전액 부담하도록 강제할 수 있다.,1,16
갑은 을의 동의 없이 매장 이전을 결정하고 관련 비용을 을에게 부담시킬 수 있다.,1,16
갑은 매장 변경 시 보상 없이 을의 투자 비용 전액을 손실 처리하게 할 수 있다.,1,16
갑은 매장 설비 변경 시 을과 사전 서면 합의를 통해 비용 분담을 결정한다.,0,16
갑은 매장 위치 변경 시 을의 동의를 받고 합리적인 비용을 분담한다.,0,16
갑은 매장 시설 변경에 따른 비용을 을과 합의하여 공정하게 나눈다.,0,16
갑은 매장 면적 조정 시 을에게 보상 기준을 서면으로 명확히 안내한다.,0,16
갑은 을의 매장 설비비용을 보상 기준에 따라 적절히 지급한다.,0,16
갑은 매장 위치나 면적 변경 시 을과 충분히 협의하여 진행한다.,0,16
갑은 을의 동의 없이 매장 설비 변경을 진행하지 않는다.,0,16
갑은 을의 투자 비용을 감안하여 합리적인 보상안을 마련한다.,0,16
갑은 매장 시설물 변경 시 을과 비용 분담 비율을 서면으로 정한다.,0,16
갑은 매장 설비비용을 을과 합의한 기준에 따라 지급한다.,0,16
갑은 매장 구조 변경 시 을의 사전 동의 없이 비용을 청구할 수 있다.,1,16
갑은 을에게 매장 내 전기 시설 교체 비용을 전액 부담하도록 요구할 수 있다.,1,16
갑은 매장 리모델링 후 발생한 비용을 일방적으로 을에게 청구할 수 있다.,1,16
갑은 매장 이전 시 발생하는 인테리어 비용을 을이 모두 부담하게 할 수 있다.,1,16
갑은 을에게 매장 설비 교체 비용의 80% 이상을 부담하도록 강제할 수 있다.,1,16
갑은 을에게 매장 확장 공사 비용을 사전 합의 없이 청구할 수 있다.,1,16
갑은 을의 매장에 대한 시설물 교체 시 비용 전액을 부담시키도록 할 수 있다.,1,16
갑은 매장 면적 축소 시 을의 설비비용 보상 없이 진행할 수 있다.,1,16
갑은 을의 매장 이전에 따른 설비비용을 사전 고지 없이 청구할 수 있다.,1,16
갑은 매장 구조 변경으로 인한 손해를 을이 모두 부담하도록 할 수 있다.,1,16
갑은 매장 설비 변경 시 을과 서면으로 합의한 후 비용을 분담한다.,0,16
갑은 매장 리모델링 전 을의 동의를 얻고 합리적으로 비용을 분담한다.,0,16
갑은 매장 면적 조정 시 을의 투자비용을 고려하여 보상한다.,0,16
갑은 을과의 협의를 통해 매장 시설 변경 시 비용을 공정하게 분담한다.,0,16
갑은 매장 이전 시 발생하는 비용을 을과 협의하여 분담한다.,0,16
갑은 을의 설비비용을 계약 조건에 맞게 적절히 보상한다.,0,16
갑은 매장 구조 변경 전 을과 서면으로 비용 분담을 약정한다.,0,16
갑은 을과 서면 계약을 통해 매장 시설물 변경 비용을 합리적으로 분담한다.,0,16
갑은 매장 면적 변경으로 발생하는 비용을 을에게 적절히 보상한다.,0,16
갑은 매장 시설 개보수 비용을 을의 동의 없이 전액 부담하도록 요구할 수 있다.,1,16
갑은 을에게 매장 설비 개선을 이유로 추가 비용을 일방적으로 청구할 수 있다.,1,16
갑은 을의 동의 없이 매장 시설 점검 및 보수 비용을 청구할 수 있다.,1,16
갑은 을에게 매장 내 설비 교체비용의 대부분을 부담하도록 강제할 수 있다.,1,16
갑은 을에게 매장 내부 구조 변경 비용을 전가할 수 있다.,1,16
갑은 을과 협의 없이 매장 시설물 업그레이드 비용을 전액 청구할 수 있다.,1,16
갑은 을에게 매장 환경 개선 명목으로 부당한 비용을 청구할 수 있다.,1,16
갑은 을에게 매장 임의 구조 변경으로 인한 손해를 전가할 수 있다.,1,16
갑은 을의 동의 없이 매장 설비 확장 공사비를 청구할 수 있다.,1,16
갑은 을에게 매장 재배치로 발생한 비용을 사전 협의 없이 부담시킬 수 있다.,1,16
갑은 매장 설비 변경 시 을과 사전 합의를 통해 비용을 분담한다.,0,16
갑은 매장 개보수 전 을의 의견을 수렴하고 서면 합의를 진행한다.,0,16
갑은 매장 구조 변경에 따른 비용을 을과 합리적으로 조정한다.,0,16
갑은 매장 시설 개선 시 을의 부담을 최소화하도록 협의한다.,0,16
갑은 매장 환경 변경 전 을과 서면으로 비용 부담 조건을 확정한다.,0,16
갑은 을과의 사전 합의 없이는 매장 시설 변경을 진행하지 않는다.,0,16
갑은 매장 시설 공사 전 을과 서면으로 비용 분담을 약정한다.,0,16
갑은 을의 투자비용을 고려해 매장 구조 변경 시 적절히 보상한다.,0,16
갑은 매장 변경으로 발생하는 비용을 을과 합리적으로 나눈다.,0,16
갑은 매장 설비 확장 시 을의 동의를 받고 공정하게 비용을 분담한다.,0,16
갑은 을에게 상품권 구매를 의무화할 수 있다.,1,17
갑은 을에게 통상적인 납품가격보다 현저히 낮은 가격으로 납품하게 할 수 있다.,1,17
갑은 판매촉진행사를 이유로 을에게 대량 납품을 강요할 수 있다.,1,17
갑은 을의 동의 없이 판매촉진행사에 참여하도록 강제할 수 있다.,1,17
갑은 약정된 가격 인하 기간이 지났음에도 정상가격으로 환원하지 않을 수 있다.,1,17
갑은 을의 의사에 반하여 을의 상품 광고를 집행할 수 있다.,1,17
갑은 을의 동의 없이 특정 점포의 매장에서 퇴점을 막을 수 있다.,1,17
갑은 계약기간 중 일방적으로 을의 매장 면적을 축소할 수 있다.,1,17
갑은 계약기간 중 판매장려금 비율을 일방적으로 변경할 수 있다.,1,17
갑은 을에게 불이익이 되는 계약조건을 사전 협의 없이 변경할 수 있다.,1,17
갑은 을과의 합의하에 판매촉진행사 참여 여부를 결정한다.,0,17
갑은 납품가격 조정을 을과 서면으로 합의한 경우에만 진행한다.,0,17
갑은 을의 자발적인 요청이 있을 경우에만 상품 광고를 진행한다.,0,17
갑은 약정된 기간이 종료되면 정상가격으로 즉시 환원한다.,0,17
갑은 을의 동의 없이 매장 위치나 면적을 변경하지 않는다.,0,17
갑은 판매장려금 비율 변경 시 을과 사전 합의를 진행한다.,0,17
갑은 을에게 상품권 구매를 강요하지 않는다.,0,17
갑은 판매촉진행사에 을이 자율적으로 참여하도록 한다.,0,17
갑은 을의 의사에 반하는 불이익 조치를 하지 않는다.,0,17
갑은 계약기간 동안 을과 합의된 조건을 준수한다.,0,17
갑은 을에게 사전 동의 없이 상품권을 구매하도록 요구할 수 있다.,1,17
갑은 을에게 시장 가격보다 낮은 가격으로 납품하도록 강제할 수 있다.,1,17
갑은 을에게 예상보다 많은 물량을 판매촉진 행사에 맞춰 납품하게 할 수 있다.,1,17
갑은 을의 의사와 무관하게 판매촉진행사에 강제로 참여시키는 조항을 둘 수 있다.,1,17
갑은 약정된 인하 기간이 지난 후에도 을에게 가격 인상을 거부할 수 있다.,1,17
갑은 을의 동의 없이 을의 상품을 대상으로 광고를 시행할 수 있다.,1,17
갑은 을의 요청과 상관없이 을의 점포 퇴점을 지연시킬 수 있다.,1,17
갑은 계약기간 중 을의 매장 시설을 임의로 축소하거나 변경할 수 있다.,1,17
갑은 판매장려금 지급 기준을 을과 협의 없이 일방적으로 변경할 수 있다.,1,17
갑은 을에게 경제적 부담을 과도하게 전가할 수 있다.,1,17
갑은 을과 서면 합의 후 상품권 구매 여부를 결정한다.,0,17
갑은 납품 가격은 시장 가격을 기준으로 을과 협의하여 정한다.,0,17
갑은 을의 자발적 참여 의사에 따라 판매촉진 행사에 참여하도록 한다.,0,17
갑은 약정된 가격 인하 기간이 끝나면 즉시 정상가격으로 복원한다.,0,17
갑은 을의 요청이 있을 때에만 광고를 시행한다.,0,17
갑은 을의 점포 이동이나 변경을 사전 협의 후 진행한다.,0,17
갑은 판매장려금 지급 기준을 을과 서면으로 합의한 경우에만 변경한다.,0,17
갑은 을에게 불이익이 발생하지 않도록 계약 조건을 성실히 이행한다.,0,17
갑은 을과의 계약 기간 동안 합의된 조건을 준수한다.,0,17
갑은 을의 경제적 부담을 최소화하도록 상호 협의한다.,0,17
갑은 을이 공정거래위원회에 신고한 사실을 이유로 계약 조건을 불리하게 변경할 수 있다.,1,18
갑은 을이 분쟁조정을 신청한 경우 납품 기회를 제한할 수 있다.,1,18
갑은 을이 조사에 협조한 사실을 이유로 납품 계약을 해지할 수 있다.,1,18
갑은 을이 공정거래위원회에 자료를 제출한 경우 불이익을 줄 수 있다.,1,18
갑은 을이 신고한 사실을 이유로 매장 임차 기회를 박탈할 수 있다.,1,18
갑은 을이 서면실태조사에 응한 경우 상품 공급을 중단할 수 있다.,1,18
갑은 을의 신고 사실을 이유로 판매장려금 지급을 중단할 수 있다.,1,18
갑은 을이 정당한 권리를 행사한 경우 거래 조건을 불리하게 변경할 수 있다.,1,18
갑은 을이 신고한 경우 판촉행사 참여를 제한할 수 있다.,1,18
갑은 을이 조사 협조를 이유로 계약 해지를 요구할 수 있다.,1,18
갑은 을이 공정거래위원회에 신고한 경우에도 계약 조건을 변경하지 않는다.,0,18
갑은 을이 분쟁조정을 신청해도 거래 기회를 제한하지 않는다.,0,18
갑은 을의 신고와 무관하게 계약을 성실히 이행한다.,0,18
갑은 을이 조사에 협조한 사실을 이유로 불이익을 주지 않는다.,0,18
갑은 을의 권리 행사를 존중하며 불이익을 제공하지 않는다.,0,18
갑은 을이 정당하게 신고해도 계약 해지나 변경을 하지 않는다.,0,18
갑은 을의 공정한 거래를 위해 계약 조건을 공정하게 유지한다.,0,18
갑은 을이 공정거래위원회에 협조하더라도 납품 기회를 제한하지 않는다.,0,18
갑은 을의 법적 권리 행사를 이유로 불리한 조치를 취하지 않는다.,0,18
갑은 을이 조사 협조를 했더라도 거래 관계를 유지한다.,0,18
갑은 을이 공정거래위원회에 제소한 경우 판촉 지원을 중단할 수 있다.,1,18
갑은 을이 내부 고발을 한 경우 공급 계약을 해지할 수 있다.,1,18
갑은 을이 신고한 사실을 이유로 추가 납품을 거부할 수 있다.,1,18
갑은 을이 공정위 조사에 응한 경우 물품 대금 지급을 지연할 수 있다.,1,18
갑은 을이 신고를 진행한 경우 판촉 행사 참여를 제한할 수 있다.,1,18
갑은 을이 공정거래위원회에 협조했음을 이유로 계약 연장을 거부할 수 있다.,1,18
갑은 을이 불공정 행위를 신고했을 경우 제품 진열 위치를 불리하게 변경할 수 있다.,1,18
갑은 을의 신고를 이유로 추가 주문을 중단할 수 있다.,1,18
갑은 을이 조사에 협조했을 경우 거래 조건을 불리하게 변경할 수 있다.,1,18
갑은 을의 법적 조치에 대응하여 납품 단가를 일방적으로 인하할 수 있다.,1,18
갑은 을이 공정거래위원회에 신고했더라도 기존 거래 조건을 유지한다.,0,18
갑은 을의 신고와 관계없이 판촉 행사 지원을 계속한다.,0,18
갑은 을의 권리 행사를 이유로 거래를 중단하거나 조건을 변경하지 않는다.,0,18
갑은 을이 신고한 사실이 있더라도 계약을 성실히 이행한다.,0,18
갑은 을의 신고와 무관하게 납품 대금을 기한 내에 지급한다.,0,18
갑은 을의 정당한 권리 행사를 존중하며 어떠한 불이익도 제공하지 않는다.,0,18
갑은 을이 공정거래위원회에 협조한 경우에도 판촉 행사 참여를 제한하지 않는다.,0,18
갑은 을과의 거래를 법률에 따라 공정하게 유지한다.,0,18
갑은 을이 분쟁조정을 신청하더라도 계약 조건을 변경하지 않는다.,0,18
갑은 을이 신고한 경우에도 납품 및 거래 관계를 지속한다.,0,18
갑은 을에게 협약 체결을 강제하고 이에 대한 불이행 시 거래를 중단할 수 있다.,1,19
갑은 을과의 협약 내용 변경을 일방적으로 결정할 수 있다.,1,19
갑은 을에게 협약 불이행 시 불이익을 제공할 수 있다.,1,19
갑은 을과의 협약 체결 시 을의 의견을 반영하지 않고 일방적으로 조건을 설정한다.,1,19
갑은 협약 이행 여부와 관계없이 거래 조건을 불리하게 변경할 수 있다.,1,19
갑은 협약 체결을 이유로 을에게 특정 금액의 비용 부담을 요구할 수 있다.,1,19
갑은 협약 미이행을 사유로 을의 납품 기회를 제한할 수 있다.,1,19
갑은 을이 협약 체결을 거부한 경우 계약을 해지할 수 있다.,1,19
갑은 을과의 협약 체결 시 계약서에 불리한 조항을 포함시킬 수 있다.,1,19
갑은 협약 조건을 을과의 합의 없이 일방적으로 변경할 수 있다.,1,19
갑은 을과 협약 체결 시 상호 동의 하에 공정한 조건을 마련한다.,0,19
갑은 을과 협약 내용 변경 시 을의 동의를 반드시 받는다.,0,19
갑은 협약 체결을 강제하지 않으며 자율적으로 참여하도록 한다.,0,19
갑은 을과 협약을 공정하게 체결하고 불이익을 제공하지 않는다.,0,19
갑은 협약 미이행을 이유로 계약 조건을 변경하지 않는다.,0,19
갑은 협약 체결 시 비용 부담을 을에게 전가하지 않는다.,0,19
갑은 협약 내용에 대해 을과 서면 합의를 통해 진행한다.,0,19
갑은 을과의 협약을 상호 협력 및 공정한 거래 기반으로 체결한다.,0,19
갑은 을이 협약 이행 여부와 관계없이 기존 거래를 유지한다.,0,19
갑은 협약 내용 변경 시 을과 충분히 협의한 후 진행한다.,0,19
갑은 을이 협약 조건을 준수하지 않으면 모든 거래를 즉시 중단할 수 있다.,1,19
갑은 협약 체결을 위해 을에게 과도한 자료 제출을 요구할 수 있다.,1,19
갑은 을이 협약 체결을 거부할 경우 거래 단가를 임의로 인상할 수 있다.,1,19
갑은 협약을 체결하지 않은 을의 상품을 불이익 없이 취급하지 않는다.,1,19
갑은 을이 협약 조건을 수용하지 않을 시 불이익을 줄 수 있다.,1,19
갑은 협약 체결을 조건으로 추가 비용을 요구할 수 있다.,1,19
갑은 을과 협약을 체결하지 않으면 판촉 행사 참여를 제한할 수 있다.,1,19
갑은 협약 조건을 변경할 때 을과 협의 없이 일방적으로 결정한다.,1,19
갑은 을의 동의 없이 협약 내용에 새로운 조항을 추가할 수 있다.,1,19
갑은 협약 이행 여부를 이유로 을의 납품 물량을 조정할 수 있다.,1,19
갑은 을과 협약 체결 시 상호 동의하에 공정한 조건을 명확히 설정한다.,0,19
갑은 을과 협약 내용을 변경할 때 을의 사전 동의를 받는다.,0,19
갑은 을과의 협약 체결을 자율적으로 진행하며 강제하지 않는다.,0,19
갑은 을에게 협약 미체결을 이유로 불이익을 제공하지 않는다.,0,19
갑은 협약과 관련된 모든 비용을 사전에 을과 협의하여 결정한다.,0,19
갑은 협약 체결과 이행에 대해 상호 서면 합의를 통해 진행한다.,0,19
갑은 을이 협약을 체결하지 않아도 기존 거래를 공정하게 유지한다.,0,19
갑은 협약 체결 시 을의 의견을 충분히 반영하여 조건을 조정한다.,0,19
갑은 을과의 협약 내용을 변경할 때 충분한 협의 과정을 거친다.,0,19
갑은 협약 미체결을 이유로 을의 판촉 활동을 제한하지 않는다.,0,19
갑은 을이 분쟁조정협의회에 조정을 신청할 경우 계약을 해지할 수 있다.,1,20
갑은 을이 분쟁조정 신청을 철회하지 않으면 납품을 중단할 수 있다.,1,20
갑은 을에게 분쟁조정 절차에 참여하지 않도록 강요할 수 있다.,1,20
갑은 을이 분쟁조정 신청 사실을 외부에 알리지 못하도록 제한할 수 있다.,1,20
갑은 분쟁조정 절차 진행 시 을의 납품 단가를 임의로 변경할 수 있다.,1,20
갑은 을이 분쟁조정 신청을 이유로 거래조건을 불리하게 변경할 수 있다.,1,20
갑은 을이 조정 결과를 따르지 않으면 불이익을 줄 수 있다.,1,20
갑은 분쟁조정 결과를 무시하고 일방적으로 계약을 해지할 수 있다.,1,20
갑은 을의 분쟁조정 신청을 이유로 판촉행사 참여를 제한할 수 있다.,1,20
갑은 을에게 분쟁조정 신청을 철회하도록 강요할 수 있다.,1,20
갑은 을이 분쟁조정 절차에 참여하더라도 계약조건을 불리하게 변경하지 않는다.,0,20
갑은 분쟁 발생 시 을이 조정 절차에 자유롭게 참여할 수 있도록 보장한다.,0,20
갑은 분쟁조정 신청을 이유로 을의 거래를 제한하지 않는다.,0,20
갑은 분쟁조정 결과에 따라 계약 내용을 공정하게 조정한다.,0,20
갑은 을이 분쟁조정 절차를 통해 권리를 행사하도록 지원한다.,0,20
갑은 을이 분쟁조정 절차를 신청해도 기존 거래 조건을 유지한다.,0,20
갑은 분쟁조정 절차가 종료될 때까지 계약 조건을 일방적으로 변경하지 않는다.,0,20
갑은 을과의 분쟁 발생 시 조정 절차를 성실히 따른다.,0,20
갑은 분쟁조정 신청 사실을 이유로 불이익을 주지 않는다.,0,20
갑은 분쟁조정 결과를 존중하고 합의된 내용을 성실히 이행한다.,0,20
갑은 을이 분쟁조정 결과를 수용하지 않으면 계약을 해지할 수 있다.,1,20
갑은 을이 조정 절차를 진행 중일 때 거래 조건을 변경할 수 있다.,1,20
갑은 을이 분쟁조정 신청을 이유로 추가 납품을 거부할 수 있다.,1,20
갑은 을이 조정원에 자료를 제출하지 못하도록 요구할 수 있다.,1,20
갑은 을의 조정 신청을 이유로 판촉행사 참여를 제한할 수 있다.,1,20
갑은 을이 조정 절차에 참여할 경우 불이익을 줄 수 있다.,1,20
갑은 을이 분쟁조정 절차를 이용하지 않도록 협박할 수 있다.,1,20
갑은 을의 조정 절차 참여를 이유로 거래 조건을 불리하게 변경할 수 있다.,1,20
갑은 을의 분쟁조정 신청을 철회하지 않으면 공급계약을 중단할 수 있다.,1,20
갑은 을이 분쟁조정에 참여하면 향후 계약 연장을 거부할 수 있다.,1,20
갑은 을의 분쟁조정 절차 참여에 대해 어떠한 불이익도 제공하지 않는다.,0,20
갑은 을이 자유롭게 분쟁조정을 신청하도록 지원한다.,0,20
갑은 을이 조정 절차에 참여하더라도 기존 계약 조건을 유지한다.,0,20
갑은 분쟁조정 결과를 공정하게 수용하고 이행한다.,0,20
갑은 을의 권리를 존중하며 조정 절차에 성실히 협조한다.,0,20
갑은 을이 조정 절차에 참여해도 계약상 불이익을 주지 않는다.,0,20
갑은 을과의 분쟁 발생 시 조정 절차에 적극 협조한다.,0,20
갑은 을이 조정원에 자료를 제출하더라도 거래 조건을 변경하지 않는다.,0,20
갑은 을이 분쟁조정 신청을 하더라도 계약 연장을 검토한다.,0,20
갑은 분쟁조정 절차가 진행 중이어도 을의 납품을 지속적으로 유지한다.,0,20
갑은 을에게 특정 브랜드만을 사용하도록 강요할 수 있다,1,14
갑은 을의 마케팅 전략에 간섭하여 특정 제품만 홍보하도록 요구할 수 있다,1,14
갑은 을의 경영방침에 개입하여 제품 가격을 임의로 조정하도록 지시할 수 있다,1,14
갑은 을의 재고 운영 방식에 간섭하여 특정 방식으로 변경하도록 요구할 수 있다,1,14
갑은 을의 판매 전략에 개입하여 특정 고객층을 대상으로만 판매하도록 지시할 수 있다,1,14
갑은 을에게 계열사의 제품을 우선적으로 취급하도록 강요할 수 있다,1,14
갑은 을의 제품 라인업에 개입하여 특정 제품군을 제외하도록 지시할 수 있다,1,14
갑은 을의 경영결정에 간섭하여 신규 거래처 확대를 제한할 수 있다,1,14
갑은 을의 광고 전략을 제한하여 특정 매체에서만 광고하도록 지시할 수 있다,1,14
갑은 을의 자율적인 경영 결정을 무시하고 특정 조건을 강요할 수 있다,1,14
갑은 을의 경영방침에 간섭하지 않고 자율성을 보장한다,0,14
갑은 을의 마케팅 전략에 개입하지 않는다,0,14
갑은 을이 자유롭게 제품 가격을 책정하도록 한다,0,14
갑은 을의 재고 운영 방식에 간섭하지 않는다,0,14
갑은 을의 판매 전략을 존중하고 개입하지 않는다,0,14
갑은 을에게 계열사의 제품을 우선 취급하도록 요구하지 않는다,0,14
갑은 을의 제품 라인업에 간섭하지 않고 자유롭게 구성하도록 한다,0,14
갑은 을이 자유롭게 신규 거래처를 확대할 수 있도록 지원한다,0,14
갑은 을의 광고 전략을 제한하지 않고 자유롭게 결정하도록 한다,0,14
갑은 을의 경영 결정을 존중하고 개입하지 않는다,0,14
갑은 을에게 특정 공급업체와만 거래하도록 지시할 수 있다,1,14
갑은 을이 계열사 제품을 우선적으로 판매하도록 강요할 수 있다,1,14
갑은 을의 판촉 행사 계획을 사전에 승인받도록 요구할 수 있다,1,14
갑은 을의 제품 진열 방식을 직접 지시할 수 있다,1,14
갑은 을이 특정 지역에서만 제품을 판매하도록 제한할 수 있다,1,14
갑은 을의 제품 출시 일정을 임의로 조정하도록 요구할 수 있다,1,14
갑은 을의 거래처 변경을 사전에 승인받도록 강요할 수 있다,1,14
갑은 을의 판매 전략을 수정하도록 직접 지시할 수 있다,1,14
갑은 을의 경영 회의에 참여하여 의사결정에 개입할 수 있다,1,14
갑은 을의 제품 디자인 변경을 요구할 수 있다,1,14
갑은 을의 공급업체 선정에 개입하지 않는다,0,14
갑은 을이 자율적으로 판촉 행사를 기획하도록 지원한다,0,14
갑은 을의 제품 진열 방식에 간섭하지 않는다,0,14
갑은 을이 자유롭게 판매 지역을 선택하도록 한다,0,14
갑은 을의 제품 출시 일정을 존중한다,0,14
갑은 을의 거래처 변경을 제한하지 않는다,0,14
갑은 을의 경영 회의에 참석하지 않는다,0,14
갑은 을의 제품 디자인에 대한 변경 요구를 하지 않는다,0,14
갑은 을의 경영 자율성을 보장하며 간섭하지 않는다,0,14
갑은 을의 제품 가격을 자의적으로 조정하도록 지시할 수 있다.,1,14
갑은 을의 생산량을 사전 합의 없이 조정하도록 요구할 수 있다.,1,14
갑은 을의 사업 전략에 대해 구체적인 계획 수립을 강제할 수 있다.,1,14
갑은 을의 인사 및 조직 운영에 직접 개입할 수 있다.,1,14
갑은 을이 특정 업체와 거래하지 못하도록 제한할 수 있다.,1,14
갑은 을의 경영 방침을 변경하도록 강요할 수 있다.,1,14
갑은 을의 사업 확장 계획을 사전 승인 없이 진행하지 못하게 할 수 있다.,1,14
갑은 을의 광고 및 마케팅 전략을 변경하도록 요구할 수 있다.,1,14
갑은 을의 신규 거래처 발굴 활동을 제한할 수 있다.,1,14
갑은 을의 경영 의사결정에 지속적으로 개입할 수 있다.,1,14
갑은 을의 경영 활동에 개입하지 않으며 독립성을 보장한다.,0,14
갑은 을의 사업 전략 및 운영 방침을 존중한다.,0,14
갑은 을의 경영 방침에 부당하게 간섭하지 않는다.,0,14
갑은 을의 사업 결정에 영향을 미치지 않는다.,0,14
갑은 을이 자율적으로 생산 및 판매 전략을 수립하도록 지원한다.,0,14
갑은 을의 마케팅 및 광고 전략에 간섭하지 않는다.,0,14
갑은 을의 사업 운영에 대한 독립성을 인정하고 존중한다.,0,14
갑은 을의 거래처 선택에 어떠한 제한도 두지 않는다.,0,14
갑은 을의 신규 사업 추진에 간섭하지 않는다.,0,14
갑은 을의 조직 및 인사 운영에 개입하지 않는다.,0,14
갑은 을에게 질병 발생 시에도 영업시간 단축을 허용하지 않을 수 있다,1,15
갑은 을에게 영업시간 연장을 강요할 수 있다,1,15
갑은 을이 개인적인 사유로 영업시간 단축을 요청해도 이를 거부할 수 있다,1,15
갑은 을의 동의 없이 영업시간을 일방적으로 변경할 수 있다,1,15
갑은 을에게 주말 및 공휴일 영업을 강제할 수 있다,1,15
갑은 을이 정당한 사유로 영업시간 단축을 요구해도 이를 무시할 수 있다,1,15
갑은 을의 영업시간 단축 요청에 대해 불이익을 줄 수 있다,1,15
갑은 을의 건강상 이유에도 불구하고 영업시간을 단축하지 못하도록 할 수 있다,1,15
갑은 을의 영업시간 조정을 위한 협의를 거부할 수 있다,1,15
갑은 을에게 명절이나 휴일에도 정상 영업을 요구할 수 있다,1,15
갑은 을의 질병 발생 시 영업시간 단축 요청을 적극 수용한다,0,15
갑은 을과 협의하여 합리적인 영업시간 조정을 지원한다,0,15
갑은 을의 건강상 이유로 영업시간 단축을 허용한다,0,15
갑은 을의 영업시간 조정 요청을 합리적으로 검토한다,0,15
갑은 을에게 영업시간 조정과 관련해 불이익을 주지 않는다,0,15
갑은 을의 영업시간 단축 요구를 정당한 사유가 있는 경우 적극 반영한다,0,15
갑은 을의 사정에 따라 영업시간 조정 가능성을 열어둔다,0,15
갑은 을과 상호 협의를 통해 영업시간 변경을 결정한다,0,15
갑은 을이 요청하는 영업시간 단축을 법적 기준에 맞게 수용한다,0,15
갑은 을의 건강을 고려하여 유연하게 영업시간을 조정한다,0,15
갑은 을에게 특정 시간대에 반드시 영업하도록 강요할 수 있다,1,15
갑은 을이 정해진 영업시간 외에 추가 근무를 요구할 수 있다,1,15
갑은 을의 영업시간을 일방적으로 조정하여 통보할 수 있다,1,15
갑은 을의 개인 사정과 관계없이 영업시간 변경을 허용하지 않을 수 있다,1,15
갑은 을의 요청 없이 자의적으로 영업시간을 연장할 수 있다,1,15
갑은 을이 영업시간 변경 요청 시 사유를 증빙하지 않으면 이를 거부할 수 있다,1,15
갑은 을의 매장에 대해 특별 행사 기간 동안 추가 영업시간을 강요할 수 있다,1,15
갑은 을의 영업시간 변경을 서면 합의 없이 일방적으로 결정할 수 있다,1,15
갑은 을의 휴무일을 줄이고 영업일을 강제로 늘릴 수 있다,1,15
갑은 을이 일정 기간 동안 연속 근무하도록 요구할 수 있다,1,15
갑은 을의 영업시간 변경 요청을 합리적으로 검토하여 승인한다,0,15
갑은 을과의 상호 협의를 통해 영업시간을 조정한다,0,15
갑은 을의 개인적 사유로 인한 영업시간 단축 요청을 존중한다,0,15
갑은 을에게 영업시간 변경 시 사전 동의를 구한다,0,15
갑은 을의 요청에 따라 유연하게 영업시간을 조정한다,0,15
갑은 을의 정당한 영업시간 단축 요구를 받아들인다,0,15
갑은 을의 휴무일을 보장하며 추가 근무를 요구하지 않는다,0,15
갑은 을이 사전에 요청한 영업시간 변경을 검토 후 수용한다,0,15
갑은 을의 건강과 근무 여건을 고려해 영업시간을 조정한다,0,15
갑은 을의 영업시간 조정 요청에 대해 불이익을 주지 않는다,0,15
갑은 을이 질병으로 영업시간 단축을 요청하더라도 이를 거부할 수 있다.,1,15
갑은 을에게 특정 시간 동안 반드시 영업하도록 강제할 수 있다.,1,15
갑은 을의 휴업 요청을 승인 없이 거부할 수 있다.,1,15
갑은 을의 개인적 사유로 인한 영업시간 변경을 불허할 수 있다.,1,15
갑은 을이 특별한 사유 없이도 영업시간 연장을 요구할 수 있다.,1,15
갑은 을의 영업시간을 조정할 권리를 일방적으로 가진다.,1,15
갑은 을의 요청과 관계없이 매장 운영시간을 통제할 수 있다.,1,15
갑은 을에게 휴무 없이 연속으로 영업하도록 요구할 수 있다.,1,15
갑은 을의 영업시간 단축 요청을 이유로 계약을 해지할 수 있다.,1,15
갑은 을이 영업시간을 조정할 권리를 사전에 제한할 수 있다.,1,15
갑은 을이 질병이나 치료로 인해 영업시간 단축을 요청할 경우 이를 허용한다.,0,15
갑은 을의 정당한 사유에 따른 영업시간 조정을 존중한다.,0,15
갑은 을이 필요 최소한의 범위에서 영업시간 단축을 요청할 경우 이를 허용한다.,0,15
갑은 을의 건강상 이유로 인한 영업시간 변경 요청을 승인한다.,0,15
갑은 을의 영업시간 조정 요청을 서면 합의 후 허용한다.,0,15
갑은 을의 질병 치료로 인한 영업시간 단축을 방해하지 않는다.,0,15
갑은 을의 영업시간 조정을 부당하게 제한하지 않는다.,0,15
갑은 을이 영업시간 단축을 요구할 경우 협의 후 조정한다.,0,15
갑은 을이 부득이한 사유로 영업시간 변경을 요청하면 이를 수용한다.,0,15
갑은 을의 영업시간을 일방적으로 제한하지 않는다.,0,15
갑은 을에게 공정거래위원회가 권장하지 않은 계약서를 사용하도록 강요할 수 있다,1,6
갑은 을과의 거래 시 표준거래계약서를 무시하고 독자적인 계약서를 적용할 수 있다,1,6
갑은 을에게 표준거래계약서와 다른 불리한 조건을 강요할 수 있다,1,6
갑은 을이 표준거래계약서를 사용하고자 해도 이를 거부할 수 있다,1,6
갑은 을이 요청한 표준거래계약서 사용을 무시하고 일방적인 계약을 체결할 수 있다,1,6
갑은 을과의 계약에서 불공정한 조항을 삽입하여 계약서를 작성할 수 있다,1,6
갑은 을에게 계약 조건 변경을 사전 동의 없이 일방적으로 통보할 수 있다,1,6
갑은 표준거래계약서를 무시하고 을에게 불리한 조항을 삽입할 수 있다,1,6
갑은 을이 표준거래계약서를 요구해도 임의로 계약서를 작성할 수 있다,1,6
갑은 표준거래계약서의 사용을 거부하고 독자적인 조건을 강요할 수 있다,1,6
갑은 을과의 계약에 표준거래계약서를 사용하여 공정한 거래를 유지한다,0,6
갑은 을의 요청에 따라 표준거래계약서를 사용하여 계약을 체결한다,0,6
갑은 공정거래위원회가 권장하는 표준거래계약서를 준수한다,0,6
갑은 을의 동의 없이 계약 조건을 변경하지 않는다,0,6
갑은 표준거래계약서를 기반으로 계약서를 작성한다,0,6
갑은 을과의 거래에서 공정거래위원회가 고시한 계약서를 사용한다,0,6
갑은 계약 조건 변경 시 을과 협의하여 공정하게 조정한다,0,6
갑은 불공정 조항 없이 표준거래계약서를 통해 계약을 체결한다,0,6
갑은 을과의 계약에서 공정성과 투명성을 유지한다,0,6
갑은 을의 권리를 존중하며 표준거래계약서를 통해 계약을 진행한다,0,6
갑은 을에게 표준거래계약서 대신 자체 작성한 계약서를 사용하도록 요구할 수 있다,1,6
갑은 을에게 불리한 조건이 포함된 계약서를 강제로 서명하도록 요구할 수 있다,1,6
갑은 을에게 표준거래계약서의 조항을 무시하고 추가 조항을 삽입할 수 있다,1,6
갑은 을의 요청 없이 표준거래계약서와 다른 계약서를 사용하도록 할 수 있다,1,6
갑은 을의 불이익을 초래하는 조항을 표준거래계약서에 추가할 수 있다,1,6
갑은 을에게 표준거래계약서 변경을 사전 고지 없이 요구할 수 있다,1,6
갑은 을의 동의 없이 계약 조건을 일방적으로 변경할 수 있다,1,6
갑은 을에게 표준거래계약서와 다르게 계약 이행을 강요할 수 있다,1,6
갑은 을의 동의 없이 표준거래계약서를 무효화할 수 있다,1,6
갑은 을의 표준거래계약서 사용 요구를 무시하고 자체 계약서를 적용할 수 있다,1,6
갑은 을과의 계약 체결 시 표준거래계약서를 준수한다,0,6
갑은 을의 요청에 따라 표준거래계약서 내용을 충실히 반영한다,0,6
갑은 계약 조건 변경 시 을과 협의 후 진행한다,0,6
갑은 을의 불이익이 발생하지 않도록 표준거래계약서를 유지한다,0,6
갑은 표준거래계약서를 준수하여 공정한 거래를 유지한다,0,6
갑은 을과 상호 동의하에 계약 조건을 변경한다,0,6
갑은 을의 권익을 보호하기 위해 표준거래계약서를 따른다,0,6
갑은 을에게 불리한 조항을 삽입하지 않고 표준거래계약서를 준수한다,0,6
갑은 공정한 거래 조건을 위해 표준거래계약서를 활용한다,0,6
갑은 을과 계약 체결 시 법적 기준을 준수한다,0,6
갑은 을과의 계약에서 표준거래계약서를 사용하지 않고 독자적인 계약서를 강제할 수 있다.,1,6
갑은 을에게 표준거래계약서를 따르지 않는 계약 조건을 일방적으로 제시할 수 있다.,1,6
갑은 을이 표준거래계약서 사용을 요구하더라도 이를 거부할 수 있다.,1,6
갑은 표준거래계약서 대신 갑이 작성한 계약서를 사용하도록 을에게 요구할 수 있다.,1,6
갑은 표준거래계약서 사용을 거부하고 을에게 불리한 조건을 강요할 수 있다.,1,6
갑은 을의 동의 없이 표준거래계약서에 없는 불리한 조항을 추가할 수 있다.,1,6
갑은 을이 표준거래계약서를 요구하는 경우 계약을 중단할 수 있다.,1,6
갑은 을에게 표준거래계약서와 다른 계약서를 강제할 수 있다.,1,6
갑은 표준거래계약서 사용에 대해 을과 협의 없이 계약을 체결할 수 있다.,1,6
갑은 표준거래계약서에 없는 조항을 일방적으로 삽입할 수 있다.,1,6
갑은 을과의 계약에서 표준거래계약서를 기반으로 계약을 체결한다.,0,6
갑은 을의 요청이 있을 경우 표준거래계약서를 사용하여 계약을 체결한다.,0,6
갑은 표준거래계약서를 기준으로 계약 내용을 작성한다.,0,6
갑은 공정거래위원회가 권장하는 표준거래계약서를 사용한다.,0,6
갑은 을과의 계약에서 공정거래위원회가 정한 표준거래계약서를 준수한다.,0,6
갑은 계약 체결 전 을과 표준거래계약서 사용 여부를 협의한다.,0,6
갑은 을의 불이익을 방지하기 위해 표준거래계약서를 사용한다.,0,6
갑은 계약 과정에서 표준거래계약서를 적극 활용한다.,0,6
갑은 을에게 공정거래위원회가 제정한 표준거래계약서를 제공한다.,0,6
갑은 을과의 계약에서 공정하고 투명한 표준거래계약서를 사용한다.,0,6
